"","ResponseId","Animal","Artifact","Object","Plant","Biology","Physics","Psychology","INT","MCI","age","sex","race","AC_1","AC_2","AC_3","AC_4","AC","Version","Condition","Order","1_Test blockV1_INT","2_Test blockV1_INT","3_Test blockV1_INT","4_Test blockV1_MCI","5_Test blockV1_MCI","6_Test blockV1_MCI","7_Test blockV1_INT","8_Test blockV1_INT","9_Test blockV1_INT","10_Test blockV1_MCI","11_Test blockV1_MCI","12_Test blockV1_MCI","13_Test blockV1_INT","14_Test blockV1_INT","15_Test blockV1_INT","16_Test blockV1_MCI","17_Test blockV1_MCI","18_Test blockV1_MCI","19_Test blockV1_INT","20_Test blockV1_INT","21_Test blockV1_INT","22_Test blockV1_MCI","23_Test blockV1_MCI","24_Test blockV1_MCI","Breach","Transfer"
"1","R_0BqtnsRvJo1v8L7",1,0.666666666666667,0.666666666666667,0.666666666666667,1,0.5,0.8,0.833333333333333,0.75,18,2,5,1,4,3,2,1,2,1,4,2,2,2,2,2,3,3,3,3,3,3,3,1,4,4,4,4,2,1,3,1,1,3,1,0.666666666666667,0.833333333333333
"2","R_0pT6GGBh9O4ZKjT",1,1,1,1,1,1,1,0.583333333333333,1,20,2,1,3,4,5,2,1,2,2,4,2,2,2,2,2,2,3,2,4,3,3,3,3,4,4,4,4,4,1,3,3,1,1,1,1,1
"3","R_10C6Da540F2oAE1",1,0.666666666666667,1,1,1,0.75,1,0.833333333333333,0.916666666666667,20,2,1,4,3,2,1,1,2,1,3,3,3,3,3,3,3,4,4,4,4,4,4,1,4,1,1,1,3,2,2,1,2,2,2,0.833333333333333,1
"4","R_10IaUzE80AbTqbN",0,0.333333333333333,0.333333333333333,0,0,0,0.4,0.25,0.166666666666667,20,2,2,3,2,1,4,1,1,1,2,4,1,4,2,2,2,2,3,3,4,1,3,1,4,2,3,1,4,1,2,4,1,3,2,0,0.333333333333333
"5","R_11ZMJIt186E545H",0.666666666666667,0,0,0.666666666666667,0,0.75,0.2,0.5,0.333333333333333,19,2,1,4,4,5,2,0.75,2,2,4,1,2,2,3,3,2,3,1,4,3,1,4,2,4,4,2,4,2,4,1,3,4,4,1,0.666666666666667,0
"6","R_12bhWMqzQ9qjzwf",0,0.333333333333333,0.666666666666667,0,0,0,0.6,0.166666666666667,0.25,20,2,2,5,2,3,4,1,1,2,2,4,2,3,2,2,2,3,3,1,2,1,1,1,3,4,3,4,3,4,2,4,4,3,4,0,0.5
"7","R_1BUXwmswZVlc7LB",1,0.333333333333333,0.666666666666667,0.666666666666667,0.666666666666667,0.5,0.8,0.75,0.666666666666667,19,2,6,1,4,3,2,1,2,1,4,2,2,2,2,1,4,3,3,3,3,3,1,1,2,4,4,4,3,1,1,2,1,1,1,0.666666666666667,0.666666666666667
"8","R_1CjUN50PGw37Ud7",1,1,1,1,1,1,1,0.916666666666667,1,18,2,2,4,5,2,3,1,2,2,3,3,2,3,3,3,3,4,4,4,4,4,4,1,1,1,1,1,1,2,2,2,2,2,2,1,1
"9","R_1d6UN1xQ5T8Gnls",0.666666666666667,1,0.666666666666667,1,1,0.75,0.8,0.75,0.833333333333333,18,1,2,5,2,3,4,1,1,2,2,4,4,4,4,4,4,1,1,3,1,1,1,2,2,2,2,3,2,3,2,4,3,1,3,0.833333333333333,0.833333333333333
"10","R_1DMxJ9kXJr8uU4Z",1,0.666666666666667,0.666666666666667,1,1,0.75,0.8,0.583333333333333,0.833333333333333,19,2,1,2,1,4,3,1,1,1,1,1,1,3,1,1,1,4,2,4,2,2,2,4,3,3,3,3,4,1,4,4,2,4,4,0.833333333333333,0.833333333333333
"11","R_1DUzFz2lGdXJbUl",0,0,0,0.333333333333333,0.333333333333333,0,0,0,0.0833333333333333,19,2,5,2,3,4,5,1,1,2,1,2,2,2,3,2,3,1,1,1,1,1,1,4,4,4,3,4,4,2,2,3,2,2,2,0,0.166666666666667
"12","R_1DZ0SqjRal9ZF2f",0.333333333333333,0.333333333333333,0.666666666666667,0.333333333333333,0.333333333333333,0.25,0.6,0.166666666666667,0.416666666666667,18,2,6,2,1,4,3,1,1,1,1,2,2,2,2,2,2,1,3,1,4,1,3,4,1,4,3,4,3,2,4,4,4,4,4,0.333333333333333,0.5
"13","R_1EjopEsgRwgcoqu",0.666666666666667,0.666666666666667,1,1,1,0.5,1,0.833333333333333,0.833333333333333,18,2,6,2,3,4,5,1,1,2,1,1,1,1,1,1,1,4,2,2,2,2,2,3,3,3,3,1,2,4,4,2,4,4,4,0.666666666666667,1
"14","R_1fdd4vrTtQ4DR5e",1,1,1,1,1,1,1,0.916666666666667,1,18,1,1,4,5,2,3,1,2,2,3,3,3,4,3,3,3,4,4,4,4,4,4,1,1,1,1,1,1,2,2,2,2,2,2,1,1
"15","R_1fkIQR323MaVCJ0",0.666666666666667,0.333333333333333,0.666666666666667,0,0,0.5,0.6,0.416666666666667,0.416666666666667,18,2,6,2,1,4,3,1,1,1,1,3,1,2,2,2,2,2,3,2,1,3,3,2,3,2,1,3,3,1,4,1,4,4,4,0.5,0.333333333333333
"16","R_1gdb4fv5zOZRDZg",0.666666666666667,0.666666666666667,0.666666666666667,1,0.666666666666667,1,0.6,0.833333333333333,0.75,19,2,1,2,3,4,5,1,1,2,1,1,1,1,2,1,1,2,2,2,2,4,4,3,3,2,3,3,3,4,2,4,4,4,4,0.833333333333333,0.666666666666667
"17","R_1GIGDgolTrW0mb7",0.666666666666667,1,0.666666666666667,0,0.666666666666667,0.5,0.6,0.75,0.583333333333333,19,2,2,3,4,5,2,1,2,2,4,2,2,2,2,2,4,1,4,2,4,3,3,4,4,4,1,4,4,1,1,1,1,4,4,0.5,0.666666666666667
"18","R_1gT3KU70wbNsIVa",1,1,0.666666666666667,1,1,1,0.8,1,0.916666666666667,18,2,2,1,4,3,2,1,2,1,4,2,2,2,2,2,2,3,3,3,3,3,4,4,4,4,4,4,4,1,1,1,1,1,1,1,0.833333333333333
"19","R_1H6k7nAgs83Oat6",1,1,1,0.333333333333333,1,0.5,1,0.5,0.833333333333333,18,1,2,4,3,2,1,1,2,1,3,3,3,2,3,3,4,3,2,3,1,4,4,4,4,1,1,1,1,2,2,2,2,2,2,0.666666666666667,1
"20","R_1Hdy6Vy71RWDkUW",0.666666666666667,1,1,0.666666666666667,1,0.5,1,0.666666666666667,0.833333333333333,18,1,2,2,1,4,3,1,1,1,1,2,1,1,1,1,2,4,2,2,2,2,2,4,3,3,3,2,3,4,1,4,4,4,4,0.666666666666667,1
"21","R_1hEzsH64pVi9IC0",0.666666666666667,1,0.333333333333333,0.666666666666667,0.666666666666667,0.75,0.6,0.666666666666667,0.666666666666667,18,2,2,2,3,4,5,1,1,2,1,2,1,1,2,1,2,2,4,1,2,2,1,3,3,3,3,3,3,4,4,1,1,4,4,0.666666666666667,0.666666666666667
"22","R_1Hqv8iTjtnMPy2k",0.333333333333333,0.666666666666667,0.333333333333333,0,0.333333333333333,0,0.6,0.666666666666667,0.333333333333333,20,2,1,4,3,2,1,1,2,1,3,3,3,3,2,3,1,4,4,1,2,4,3,1,3,1,3,2,3,2,1,1,2,1,2,0.166666666666667,0.5
"23","R_1i5qQfJ0GcDNeb1",0.333333333333333,0,0,0.333333333333333,0.333333333333333,0.25,0,0.25,0.166666666666667,21,2,2,2,3,4,5,1,1,2,1,4,4,4,4,3,4,3,3,1,3,3,3,3,3,3,3,3,4,2,2,2,2,1,2,0.166666666666667,0.166666666666667
"24","R_1ib7q15b4S5pYM4",1,1,1,1,1,1,1,0.833333333333333,1,19,2,1,3,2,1,4,1,1,1,2,4,4,4,4,4,4,1,1,1,1,1,1,2,2,2,2,2,2,3,1,4,3,3,3,1,1
"25","R_1IDYXVQDbaUgy9d",1,1,0.666666666666667,0.666666666666667,1,0.75,0.8,0.583333333333333,0.833333333333333,19,2,6,2,1,4,3,1,1,1,1,4,1,1,1,1,2,2,2,2,2,2,2,3,2,2,3,3,3,2,4,3,3,4,4,0.833333333333333,0.833333333333333
"26","R_1IEs8Q22JT8Ve3J",1,0.333333333333333,0.666666666666667,0.666666666666667,0.666666666666667,0.75,0.6,0.5,0.666666666666667,18,2,7,4,3,2,1,1,2,1,3,3,2,3,3,4,4,3,4,4,4,1,2,2,3,2,1,1,1,2,2,3,2,2,2,0.833333333333333,0.5
"27","R_1j7VF1jb9yTqYYY",1,1,0.666666666666667,0.666666666666667,1,0.75,0.8,0.666666666666667,0.833333333333333,18,2,5,1,4,3,2,1,2,1,4,2,2,2,2,2,2,1,2,3,1,3,1,4,2,4,4,4,4,1,4,1,1,1,1,0.833333333333333,0.833333333333333
"28","R_1jqzOyVJEj2KfMn",0.666666666666667,0.666666666666667,1,0.666666666666667,1,0.25,1,0.5,0.75,19,1,2,2,1,4,3,1,1,1,1,1,4,1,1,1,3,3,4,1,2,2,2,3,3,3,3,1,2,2,4,2,4,4,4,0.5,1
"29","R_1JUR4BgQm6F1vJO",0.333333333333333,0.666666666666667,0.666666666666667,0.333333333333333,0.666666666666667,0.25,0.6,0.666666666666667,0.5,18,2,1,1,4,3,2,1,2,1,4,2,4,2,2,4,3,3,1,2,4,3,1,1,4,4,4,2,4,1,1,1,1,1,2,0.333333333333333,0.666666666666667
"30","R_1KlGfbnaRMCvHM9",1,0.666666666666667,1,1,1,1,0.8,0.916666666666667,0.916666666666667,18,2,7,3,2,1,4,1,1,1,2,4,4,3,4,4,4,1,1,1,1,3,1,2,2,2,2,2,2,3,3,3,3,3,3,1,0.833333333333333
"31","R_1latoPX2MW9tMq5",0,0.333333333333333,0,0.333333333333333,0,0.5,0,0.416666666666667,0.166666666666667,18,2,2,2,1,1,3,0.75,1,1,1,2,1,4,4,4,1,2,2,4,1,4,1,2,1,3,4,1,3,4,3,3,2,1,3,0.333333333333333,0
"32","R_1LjNTqQF3c5IDyq",0,0,0,0.666666666666667,0.333333333333333,0.25,0,0.25,0.166666666666667,20,2,7,5,2,3,4,1,1,2,2,3,4,1,3,3,4,3,3,4,2,2,3,1,3,2,2,1,4,4,3,4,1,1,1,0.166666666666667,0.166666666666667
"33","R_1mmdI4sfKBftiVs",1,0.333333333333333,1,0.333333333333333,0.666666666666667,0.5,0.8,0.833333333333333,0.666666666666667,19,2,1,2,3,4,5,1,1,2,1,1,1,1,1,1,1,4,2,2,1,1,2,3,3,1,2,3,2,4,4,4,4,4,4,0.666666666666667,0.666666666666667
"34","R_1mXInkujOPzyM5K",1,0.666666666666667,1,0.666666666666667,0.666666666666667,0.75,1,0.583333333333333,0.833333333333333,19,2,5,4,5,2,3,1,2,2,3,2,2,3,3,2,3,2,4,2,1,4,4,1,2,1,1,1,1,2,2,2,2,2,2,0.833333333333333,0.833333333333333
"35","R_1myjMfpcxaM67PP",0.666666666666667,0.666666666666667,0.666666666666667,0.666666666666667,0.333333333333333,1,0.6,0.666666666666667,0.666666666666667,19,2,6,2,1,4,3,1,1,1,1,1,1,1,3,1,1,3,2,3,2,1,2,1,1,3,1,3,3,4,4,4,4,1,4,0.833333333333333,0.5
"36","R_1n6JpHbdMNWer6p",1,0.666666666666667,0.666666666666667,1,0.666666666666667,1,0.8,0.5,0.833333333333333,21,2,2,3,4,5,2,1,2,2,4,3,2,1,2,3,2,1,2,3,3,3,4,3,4,4,4,4,4,2,1,1,1,1,1,1,0.666666666666667
"37","R_1N93rizQmyL8rEq",0.666666666666667,1,0.666666666666667,0.666666666666667,1,0.75,0.6,0.75,0.75,18,2,4,3,2,1,4,1,1,1,2,4,4,4,4,4,4,1,1,1,3,1,1,2,2,3,2,2,2,1,3,4,1,3,4,0.666666666666667,0.833333333333333
"38","R_1NFhjK3CL41DArC",1,0,0.666666666666667,1,0.666666666666667,0.75,0.6,0.583333333333333,0.666666666666667,21,2,2,2,3,4,5,1,1,2,1,1,1,1,1,2,1,1,2,3,2,1,2,4,3,2,3,3,2,4,4,3,4,2,4,0.833333333333333,0.5
"39","R_1OCEwCqgqTcnBCO",0.666666666666667,1,0.333333333333333,0.666666666666667,0.666666666666667,0.75,0.6,0.75,0.666666666666667,19,2,5,3,2,1,4,1,1,1,2,4,4,3,4,4,4,3,3,1,1,1,4,2,2,2,1,1,2,3,3,3,3,1,3,0.833333333333333,0.5
"40","R_1OGN3IoxYlJhCwy",0.666666666666667,1,1,1,1,0.75,1,0.666666666666667,0.916666666666667,18,2,1,3,2,1,4,1,1,1,2,4,3,4,4,4,4,3,1,1,1,1,1,2,2,4,2,1,2,3,3,1,3,3,3,0.833333333333333,1
"41","R_1OHwl0UwKERuxNm",0.333333333333333,0.666666666666667,0.333333333333333,0.333333333333333,0.666666666666667,0.25,0.4,0.583333333333333,0.416666666666667,18,1,7,5,2,3,4,1,1,2,2,4,4,1,4,4,4,1,1,1,3,1,1,3,3,2,3,3,1,2,3,2,2,1,2,0.333333333333333,0.5
"42","R_1OqKHHojBXnjZs9",1,0.333333333333333,0.666666666666667,1,1,0.75,0.6,0.75,0.75,21,1,4,2,3,4,5,1,1,2,1,1,1,1,1,1,1,2,4,2,2,1,3,3,3,1,3,3,2,4,4,2,4,4,4,0.833333333333333,0.666666666666667
"43","R_1pVXmCEu5GAiLLD",0.666666666666667,0.333333333333333,0.666666666666667,0.666666666666667,0.333333333333333,0.75,0.6,0.333333333333333,0.583333333333333,19,2,2,2,1,4,3,1,1,1,1,2,3,4,2,2,2,2,2,1,2,1,2,3,3,4,3,3,3,1,3,1,3,4,4,0.666666666666667,0.5
"44","R_1PXIhhWR44NNkPd",1,0.666666666666667,0.666666666666667,0.333333333333333,0.666666666666667,0.75,0.6,0.666666666666667,0.666666666666667,20,2,6,5,3,3,4,0.75,1,2,2,4,4,4,4,4,4,4,3,4,3,3,3,2,2,2,3,2,2,3,3,4,3,3,3,0.833333333333333,0.5
"45","R_1QbUkhPEI91Qzjb",0.666666666666667,1,1,1,1,1,0.8,0.916666666666667,0.916666666666667,18,2,6,4,3,2,1,1,2,1,3,3,3,3,3,3,3,2,4,4,4,4,4,1,1,1,1,1,1,2,2,2,2,2,4,0.833333333333333,1
"46","R_1QiH37l1clD8Pq6",1,1,1,1,1,1,1,0.75,1,19,2,1,5,2,3,4,1,1,2,2,4,4,4,4,4,4,1,1,1,1,1,1,3,2,2,2,2,2,1,1,3,3,3,3,1,1
"47","R_1YyBMTua4mITCuZ",1,0.666666666666667,1,1,1,0.75,1,0.666666666666667,0.916666666666667,18,1,5,3,2,1,4,1,1,1,2,4,4,3,4,4,4,3,1,1,1,1,1,4,2,1,2,2,4,3,3,3,3,3,3,0.833333333333333,1
"48","R_217yNijypCQbKz0",1,0.666666666666667,1,0.666666666666667,0.666666666666667,0.75,1,0.75,0.833333333333333,20,2,3,3,4,5,2,1,2,2,4,2,2,1,2,2,2,3,3,2,3,3,3,1,4,4,3,4,2,1,1,1,1,1,1,0.833333333333333,0.833333333333333
"49","R_22KN9KxHdoU3MW9",1,1,1,1,1,1,1,0.916666666666667,1,19,1,1,1,4,3,2,1,2,1,4,2,2,2,2,2,2,3,3,3,3,3,3,4,4,4,4,4,4,1,1,2,1,1,1,1,1
"50","R_24Aahf2vCPDS7hF",1,0.666666666666667,1,1,0.666666666666667,1,1,1,0.916666666666667,18,2,2,4,5,2,3,1,2,2,3,3,3,3,3,2,3,4,4,4,4,4,4,1,1,1,1,1,1,2,2,2,2,2,2,1,0.833333333333333
"51","R_24jcM0UMBVVyflY",1,1,1,0.333333333333333,0.666666666666667,0.75,1,0.583333333333333,0.833333333333333,19,2,7,4,5,2,3,1,2,2,3,3,3,2,3,3,4,4,4,2,4,4,4,4,3,1,2,1,1,3,2,2,2,2,2,0.833333333333333,0.833333333333333
"52","R_24tLwkj7ileQMNP",0.666666666666667,0.666666666666667,1,0.666666666666667,0.666666666666667,0.75,0.8,0.5,0.75,19,2,5,4,5,2,3,1,2,2,3,3,3,4,3,3,3,2,3,4,4,3,4,1,4,1,4,3,1,3,2,3,2,2,2,0.833333333333333,0.666666666666667
"53","R_25A6StPHHSnnkL2",0.666666666666667,0.666666666666667,0.666666666666667,0.333333333333333,0.333333333333333,0.5,0.8,0.416666666666667,0.583333333333333,19,2,6,2,3,4,5,1,1,2,1,2,1,2,1,2,1,3,2,4,4,2,2,4,3,3,4,4,3,4,2,1,2,4,4,0.666666666666667,0.5
"54","R_25F2gM982r44Xyx",0.333333333333333,0.333333333333333,0.333333333333333,0.333333333333333,0.333333333333333,0.25,0.4,0.0833333333333333,0.333333333333333,19,2,4,4,5,2,3,1,2,2,3,4,4,4,4,3,4,4,3,3,4,2,4,3,3,3,2,3,3,1,1,4,1,1,2,0.333333333333333,0.333333333333333
"55","R_270SvnPMoy2nnVD",1,1,1,0.333333333333333,0.666666666666667,0.75,1,0.75,0.833333333333333,18,2,5,4,5,2,3,1,2,2,3,3,3,3,3,3,2,4,4,2,4,4,4,1,3,1,3,1,1,2,4,2,2,2,2,0.833333333333333,0.833333333333333
"56","R_28M5NJ9hPuuXsxn",0.666666666666667,0.333333333333333,0,0.333333333333333,1,0.25,0,0.416666666666667,0.333333333333333,18,2,6,4,3,2,1,1,2,1,3,3,1,3,3,3,2,1,1,2,1,2,1,1,3,1,1,1,2,3,2,4,1,1,1,0.333333333333333,0.333333333333333
"57","R_2aEb73U6tWKK255",0.333333333333333,0.666666666666667,1,0.666666666666667,0.666666666666667,0.5,0.8,0.416666666666667,0.666666666666667,19,1,1,2,1,4,3,1,1,1,1,1,1,4,1,2,4,2,3,3,2,2,2,3,3,1,3,4,3,3,3,2,4,4,3,0.5,0.833333333333333
"58","R_2aQAQY5IXrDXAzI",0.333333333333333,0,0,0.666666666666667,0.333333333333333,0.25,0.2,0.333333333333333,0.25,17,1,7,1,4,3,2,1,2,1,4,2,2,4,4,4,2,1,3,2,4,1,1,1,1,3,4,3,3,3,1,2,3,3,1,0.333333333333333,0.166666666666667
"59","R_2aqs8oGuAL4GIuq",0.666666666666667,0.333333333333333,0.666666666666667,0.333333333333333,0.666666666666667,0.25,0.6,0.666666666666667,0.5,19,2,6,5,2,3,4,1,1,2,2,4,3,3,4,4,4,3,2,1,3,4,3,2,2,2,1,1,4,3,3,3,3,3,3,0.5,0.5
"60","R_2arBxHGtHEVX0nV",1,1,1,1,1,1,1,0.833333333333333,1,18,2,6,2,3,4,5,1,1,2,1,1,1,1,1,1,1,4,4,2,2,2,2,3,3,3,3,3,3,4,4,4,4,4,4,1,1
"61","R_2b2H457jGv743VD",0.333333333333333,0.666666666666667,0,0.666666666666667,0,1,0.2,0.333333333333333,0.416666666666667,20,2,5,1,4,3,2,1,2,1,4,1,1,1,1,1,2,3,3,1,3,3,2,2,1,4,3,4,4,2,2,1,2,3,2,0.666666666666667,0.166666666666667
"62","R_2BbunMarrIsyNAx",0.666666666666667,0.666666666666667,0.333333333333333,0.666666666666667,1,0.5,0.4,0.583333333333333,0.583333333333333,19,1,5,3,2,1,4,1,1,1,2,4,3,4,4,4,4,1,1,3,3,3,3,2,2,4,2,4,2,3,1,2,3,2,3,0.666666666666667,0.5
"63","R_2bNm8iJKZsJ6ay7",0.666666666666667,0,0,0,0.333333333333333,0,0.2,0.5,0.166666666666667,18,2,1,4,5,2,3,1,2,2,3,1,2,3,3,4,1,2,4,4,1,2,3,1,2,1,4,3,4,3,2,3,3,1,2,0.333333333333333,0
"64","R_2CemAAGnPAUofse",0.666666666666667,1,1,1,1,0.75,1,0.916666666666667,0.916666666666667,18,2,6,1,4,3,2,1,2,1,4,2,2,2,2,2,2,3,3,3,3,3,3,4,4,4,4,1,4,2,1,1,1,1,1,0.833333333333333,1
"65","R_2cpYvcbzvz0G132",0.333333333333333,0.666666666666667,0,0.666666666666667,0.666666666666667,0.75,0,0.333333333333333,0.416666666666667,18,1,1,3,4,5,2,1,2,2,4,2,2,3,2,2,2,1,3,1,3,2,2,3,4,3,3,1,4,3,3,3,4,3,3,0.666666666666667,0.166666666666667
"66","R_2cvy7FBuli0Lcfv",1,1,1,1,1,1,1,0.916666666666667,1,18,2,2,2,1,4,3,1,1,1,1,1,1,1,1,1,1,2,2,1,2,2,2,3,3,3,3,3,3,4,4,4,4,4,4,1,1
"67","R_2CZBBUJKu8ZEJ7j",0.333333333333333,0,0.333333333333333,0.666666666666667,0.333333333333333,0.5,0.2,0.416666666666667,0.333333333333333,19,2,7,2,1,4,3,1,1,1,1,3,3,1,3,4,3,2,2,2,2,1,2,2,4,4,3,3,4,2,4,1,2,3,3,0.333333333333333,0.333333333333333
"68","R_2D2cL4kPYyQExs6",0.666666666666667,0.333333333333333,0.666666666666667,0,0,0.25,0.8,0.583333333333333,0.416666666666667,18,2,2,3,4,5,2,1,2,2,4,2,1,4,4,3,3,3,3,3,2,3,2,1,4,2,3,4,2,1,1,2,1,1,1,0.333333333333333,0.5
"69","R_2D7gd8jh9geIqJk",1,0.666666666666667,0.666666666666667,0.666666666666667,1,0.75,0.6,0.666666666666667,0.75,18,2,1,4,3,2,1,1,2,1,3,4,3,4,3,3,3,4,4,3,3,3,3,1,1,1,1,1,1,2,2,3,2,2,2,0.833333333333333,0.666666666666667
"70","R_2dtLt2iBDTjGs3E",1,1,1,1,1,1,1,1,1,18,2,1,1,4,3,2,1,2,1,4,2,2,2,2,2,2,3,3,3,3,3,3,4,4,4,4,4,4,1,1,1,1,1,1,1,1
"71","R_2EGnzrdKyZwvRQJ",0.666666666666667,1,1,1,1,0.75,1,0.833333333333333,0.916666666666667,19,2,1,3,2,1,4,1,1,1,2,4,4,4,4,4,4,1,1,4,1,1,1,3,2,2,2,4,2,3,3,3,3,3,3,0.833333333333333,1
"72","R_2EhPkgaloHFzfVh",0.666666666666667,1,0,1,1,1,0.2,0.666666666666667,0.666666666666667,18,2,3,4,3,2,1,1,2,1,3,3,3,3,3,3,3,2,4,4,4,4,2,1,1,1,1,1,1,4,4,4,4,4,4,0.833333333333333,0.5
"73","R_2oxXnTUZ7jzvILT",1,1,1,1,1,1,1,1,1,18,2,2,3,2,1,4,1,1,1,2,4,4,4,4,4,4,1,1,1,1,1,1,2,2,2,2,2,2,3,3,3,3,3,3,1,1
"74","R_2PdpuY9BwiKARH9",0.666666666666667,1,0.666666666666667,0.333333333333333,0.666666666666667,0.5,0.8,0.5,0.666666666666667,19,2,1,3,4,5,2,1,2,2,4,2,2,2,2,2,2,3,3,2,4,3,3,1,1,4,3,3,4,2,3,2,2,1,1,0.666666666666667,0.666666666666667
"75","R_2q7TAvVnjEMSMVO",0,0,0,0,0,0,0,0.0833333333333333,0,21,2,6,3,4,5,2,1,2,2,4,4,4,4,4,4,4,1,1,1,1,1,1,2,2,2,2,3,1,3,1,4,3,3,2,0,0
"76","R_2rSDHgtMpHCXv60",0.666666666666667,1,0.666666666666667,1,1,0.75,0.8,0.916666666666667,0.833333333333333,18,1,2,3,2,1,4,1,1,1,2,4,4,4,4,4,4,1,1,1,1,1,3,3,2,2,2,4,2,3,3,3,3,3,3,0.833333333333333,0.833333333333333
"77","R_2ru7m2HieNDF2Ew",1,1,1,0.666666666666667,1,0.75,1,0.916666666666667,0.916666666666667,20,2,1,4,3,2,1,1,2,1,3,3,3,3,3,3,1,4,4,4,4,4,4,1,1,1,1,1,1,2,2,1,2,2,2,0.833333333333333,1
"78","R_2sSgpKdad9NUSUJ",1,1,1,0.666666666666667,0.666666666666667,1,1,0.666666666666667,0.916666666666667,18,2,1,1,4,3,2,1,2,1,4,2,2,1,2,2,2,3,3,2,3,3,3,1,4,4,2,4,4,1,1,4,1,1,1,1,0.833333333333333
"79","R_2SxbHD09ZfpvZsI",1,1,1,1,1,1,1,1,1,19,2,1,3,4,5,2,1,2,2,4,2,2,2,2,2,2,3,3,3,3,3,3,4,4,4,4,4,4,1,1,1,1,1,1,1,1
"80","R_2t9Vwjf4fgjPRdT",0.333333333333333,0.333333333333333,0.666666666666667,0,0,0,0.8,0.25,0.333333333333333,20,2,7,3,2,1,4,1,1,1,2,4,2,2,3,2,1,4,4,2,3,1,1,1,3,2,1,3,1,2,3,4,2,3,3,0.166666666666667,0.5
"81","R_2tM7L65WH3s3Tax",0.333333333333333,0.666666666666667,0.666666666666667,0,0.666666666666667,0,0.6,0.5,0.416666666666667,20,2,1,2,3,4,5,1,1,2,1,1,3,3,1,1,2,2,3,2,4,2,2,3,4,1,4,1,4,4,2,4,4,3,3,0.166666666666667,0.666666666666667
"82","R_2ttb6NNekwlN1UJ",0.333333333333333,0,1,0.333333333333333,0.333333333333333,0.25,0.6,0.333333333333333,0.416666666666667,19,2,6,2,3,4,5,1,1,2,1,1,4,3,3,3,4,3,3,2,3,4,2,3,2,2,3,3,2,2,4,2,4,4,1,0.166666666666667,0.666666666666667
"83","R_2ttGt1hx1IAa9zu",0.333333333333333,0.333333333333333,0,0.333333333333333,1,0,0,0.666666666666667,0.25,18,2,5,5,2,3,4,1,1,2,2,4,3,4,4,4,2,1,1,2,3,2,2,3,2,4,2,1,3,3,3,3,1,2,2,0.166666666666667,0.333333333333333
"84","R_2TTNkEp1mQMoSfd",1,0.666666666666667,0.666666666666667,0.666666666666667,1,0.5,0.8,0.166666666666667,0.75,19,2,6,4,3,2,1,1,2,1,3,4,2,4,3,3,4,2,2,3,4,4,2,2,4,4,1,1,3,2,2,3,2,2,2,0.666666666666667,0.833333333333333
"85","R_2U3l6djiw5tNBca",0.666666666666667,0.666666666666667,0.333333333333333,0.666666666666667,1,0.75,0.2,0.583333333333333,0.583333333333333,18,2,6,5,2,3,4,1,1,2,2,3,4,4,4,4,4,3,3,1,3,3,4,2,3,2,2,2,2,4,3,3,4,3,1,0.666666666666667,0.5
"86","R_2U5bmTBl1pXQm1P",0.333333333333333,0,0.333333333333333,0,0.333333333333333,0,0.2,0.333333333333333,0.166666666666667,18,2,4,4,5,2,3,1,2,2,3,3,2,3,3,2,4,1,1,3,1,1,1,4,2,4,3,3,3,2,2,3,2,1,3,0.166666666666667,0.166666666666667
"87","R_2uHXlM5ZQRVHa0V",1,1,1,1,1,1,1,0.916666666666667,1,19,1,6,3,2,1,4,1,1,1,2,2,4,4,4,4,4,1,1,1,1,1,1,2,2,2,2,2,2,3,3,3,3,3,3,1,1
"88","R_2v2GXDShUuWmW9u",0.666666666666667,0.666666666666667,0.666666666666667,0.333333333333333,0.666666666666667,0.5,0.6,0.416666666666667,0.583333333333333,20,1,2,1,1,4,3,0.75,1,1,1,2,4,1,2,1,2,4,2,1,4,4,4,3,3,2,3,3,3,2,4,2,4,4,4,0.5,0.666666666666667
"89","R_2V8i54qYOdmWNvK",1,0,1,0.333333333333333,0.333333333333333,0.5,0.8,0.75,0.583333333333333,18,2,5,4,3,2,1,1,2,1,3,3,2,3,3,2,4,4,1,4,4,1,4,1,3,1,2,1,3,2,2,2,2,2,2,0.666666666666667,0.5
"90","R_2veukWUSoS2xCy2",1,1,1,1,1,1,1,1,1,18,2,1,5,2,3,4,1,1,2,2,4,4,4,4,4,4,1,1,1,1,1,1,2,2,2,2,2,2,3,3,3,3,3,3,1,1
"91","R_2vijORHG4TXRsME",1,0.666666666666667,1,0.333333333333333,0.666666666666667,0.5,1,0.666666666666667,0.75,20,2,2,2,3,4,5,1,1,2,1,1,1,2,1,2,2,4,1,1,3,2,2,3,3,3,3,3,3,4,4,4,4,4,4,0.666666666666667,0.833333333333333
"92","R_2vYZQI8r4iI20W9",0.333333333333333,0.666666666666667,0.333333333333333,0.666666666666667,1,0.25,0.4,0.166666666666667,0.5,18,2,3,5,2,3,4,1,1,2,2,1,2,4,4,4,1,2,3,1,1,1,1,1,3,3,2,3,3,2,1,1,1,2,4,0.333333333333333,0.666666666666667
"93","R_2wigxfBWaGM3jok",1,1,1,1,1,1,1,0.75,1,18,2,2,2,1,4,3,1,1,1,1,4,4,1,1,1,1,1,2,2,2,2,2,3,3,3,3,3,3,4,4,4,4,4,4,1,1
"94","R_2WTFH5OxORCqJD0",0.333333333333333,0.333333333333333,0,1,0.333333333333333,1,0,0.666666666666667,0.416666666666667,20,2,1,1,4,3,2,1,2,1,4,2,3,2,3,3,2,2,3,2,3,2,2,4,2,4,4,4,4,1,1,1,3,3,4,0.666666666666667,0.166666666666667
"95","R_2y2S3FmpkGmkz4T",0.666666666666667,0.666666666666667,0,0.666666666666667,0.666666666666667,0.5,0.4,0.583333333333333,0.5,20,1,5,5,2,3,4,1,1,2,2,4,4,4,4,4,4,1,3,1,1,1,2,1,3,2,3,3,1,3,2,1,2,2,3,0.666666666666667,0.333333333333333
"96","R_2YAovvihplfdO5l",0.666666666666667,0.666666666666667,0,0.666666666666667,1,0.75,0,0.5,0.5,18,2,2,5,2,3,4,1,1,2,2,4,4,4,4,4,4,3,3,3,3,3,3,2,2,2,2,2,2,1,1,1,1,1,1,0.666666666666667,0.333333333333333
"97","R_2yflHPKs1NijNJT",0.666666666666667,0.333333333333333,1,0.333333333333333,1,0,0.8,0.583333333333333,0.583333333333333,18,2,2,2,3,4,5,1,1,2,1,1,1,4,1,1,2,1,2,2,1,1,2,3,3,4,3,1,1,4,2,1,4,4,4,0.333333333333333,0.833333333333333
"98","R_2YhcQYLh9RvLG8U",0,0,0.666666666666667,0,0,0,0.4,0.583333333333333,0.166666666666667,18,2,6,3,4,5,2,1,2,2,4,2,1,1,3,3,3,4,3,3,2,4,3,1,4,4,2,3,3,1,1,3,1,3,2,0,0.333333333333333
"99","R_2ZHnQ1xH9hoMeT4",1,0.333333333333333,0.666666666666667,1,1,0.75,0.6,0.75,0.75,19,2,1,4,3,2,1,1,2,1,3,3,2,3,3,3,3,4,4,4,4,3,4,2,1,1,1,1,2,2,2,4,4,2,2,0.833333333333333,0.666666666666667
"100","R_2zUBcIsayD17G8m",0.666666666666667,0.666666666666667,0.333333333333333,0.666666666666667,0.666666666666667,0.75,0.4,0.75,0.583333333333333,19,2,2,1,4,3,2,1,2,1,4,2,2,3,2,2,2,3,3,3,3,3,1,4,4,4,1,4,3,3,1,2,1,3,4,0.666666666666667,0.5
"101","R_2zZUzFtejGVVe6h",0.666666666666667,1,1,1,1,1,0.8,0.916666666666667,0.916666666666667,18,2,2,1,4,3,2,1,2,1,4,2,2,2,2,2,2,3,3,3,3,3,3,4,4,4,4,4,4,1,1,3,1,1,3,0.833333333333333,1
"102","R_32LdGj7gY5QJsXb",0.333333333333333,0.333333333333333,0,0.333333333333333,0,0.5,0.2,0.583333333333333,0.25,20,1,1,2,3,4,5,1,1,2,1,1,1,2,4,2,2,1,2,3,2,2,4,3,3,3,4,3,4,4,1,2,1,1,2,0.333333333333333,0.166666666666667
"103","R_33vii3oL14K8Q0A",1,1,1,0.666666666666667,1,0.75,1,0.916666666666667,0.916666666666667,18,2,1,4,5,2,3,1,2,2,3,3,3,3,3,3,4,4,4,1,4,4,4,1,1,1,1,1,1,2,2,2,2,2,2,0.833333333333333,1
"104","R_3CH0BVBA4VK7HDK",0.666666666666667,0.333333333333333,1,0.666666666666667,1,0.25,0.8,1,0.666666666666667,19,2,1,2,1,4,3,1,1,1,1,1,1,1,1,1,4,2,2,2,2,3,2,3,3,3,3,1,1,4,4,4,4,4,4,0.5,0.833333333333333
"105","R_3CUykbl0D6tNCis",1,0.666666666666667,1,0.333333333333333,1,0.5,0.8,0.666666666666667,0.75,20,2,7,5,2,3,4,1,1,2,2,4,4,4,4,4,1,3,1,3,2,3,1,2,2,4,2,2,2,3,2,3,3,3,3,0.666666666666667,0.833333333333333
"106","R_3dE0WTHBrdkBcQy",1,0.666666666666667,0,0.666666666666667,1,0.75,0.2,0.416666666666667,0.583333333333333,19,1,6,4,5,2,3,1,2,2,3,3,4,3,3,3,3,2,2,2,2,2,3,1,3,1,1,1,1,4,4,2,4,3,2,0.833333333333333,0.333333333333333
"107","R_3DjQe49nr5fLiIC",1,1,0.666666666666667,1,1,1,0.8,0.75,0.916666666666667,19,2,5,2,3,4,5,1,1,2,1,1,2,1,1,1,1,4,2,2,2,2,4,3,3,3,3,3,3,4,1,4,4,4,4,1,0.833333333333333
"108","R_3dLdpoMWefCBIqN",0.666666666666667,0.666666666666667,0.666666666666667,0.666666666666667,1,0.75,0.4,0.416666666666667,0.666666666666667,19,2,2,3,2,1,4,1,1,1,2,4,4,4,4,4,4,3,3,3,3,3,1,2,2,3,2,2,2,1,1,4,1,3,1,0.666666666666667,0.666666666666667
"109","R_3dMt4KDbES4zt2k",1,0.666666666666667,1,1,1,1,0.8,0.75,0.916666666666667,19,2,4,1,4,3,2,1,2,1,4,2,2,2,2,2,2,3,3,4,3,4,3,1,4,4,4,4,4,1,1,2,1,1,1,1,0.833333333333333
"110","R_3DnZA9zPqL64RLJ",0.666666666666667,0.333333333333333,0,0.666666666666667,1,0.5,0,0.25,0.416666666666667,20,2,1,2,3,4,5,1,1,2,1,1,1,2,1,1,1,4,2,3,4,3,3,2,4,2,3,3,2,2,2,2,1,3,1,0.5,0.333333333333333
"111","R_3dYWrjaEcaHY2A0",0.333333333333333,0.333333333333333,0,0.666666666666667,0.666666666666667,0.5,0,0.583333333333333,0.333333333333333,18,1,1,4,3,2,1,1,2,1,3,3,3,3,3,3,3,4,4,2,4,2,1,1,1,2,2,2,2,1,1,3,3,4,1,0.5,0.166666666666667
"112","R_3e3TQBrkWqVrDAZ",0.666666666666667,0.666666666666667,0.666666666666667,0.666666666666667,0.666666666666667,0.75,0.6,0.416666666666667,0.666666666666667,18,2,7,3,2,1,4,1,1,1,2,4,1,2,4,4,4,3,1,2,1,3,2,1,1,1,1,1,2,3,3,3,3,3,3,0.833333333333333,0.5
"113","R_3efuwJn582PQPwB",1,1,1,0.333333333333333,1,0.5,1,0.5,0.833333333333333,19,2,7,5,2,3,4,1,1,2,2,4,4,2,4,4,3,1,1,2,2,1,1,2,2,4,2,2,2,1,1,4,3,3,3,0.666666666666667,1
"114","R_3ERxU0lieRV1zEU",1,1,1,0.666666666666667,1,0.75,1,0.666666666666667,0.916666666666667,25,1,6,5,2,3,4,1,1,2,2,4,4,2,4,4,1,1,1,2,1,1,1,3,2,2,2,2,2,3,3,1,3,3,3,0.833333333333333,1
"115","R_3FIkSkAkNl7kBDj",0.333333333333333,0.333333333333333,0,0.666666666666667,0.666666666666667,0.25,0.2,0.333333333333333,0.333333333333333,18,2,2,5,2,3,4,1,1,2,2,1,2,2,1,4,2,1,2,1,1,4,2,3,4,4,2,3,3,4,3,3,4,4,3,0.333333333333333,0.333333333333333
"116","R_3fJpwNEGlWLDI0O",0.333333333333333,0.333333333333333,0.333333333333333,1,1,0.5,0.2,0.583333333333333,0.5,19,2,1,4,5,2,3,1,2,2,3,3,4,3,3,3,3,4,2,2,4,2,4,1,1,2,1,2,2,4,2,2,4,1,1,0.5,0.5
"117","R_3fK90szvOz0vx42",0,0,0,0,0,0,0,0.166666666666667,0,18,2,1,2,3,4,5,1,1,2,1,2,3,4,2,2,3,3,3,2,3,4,4,1,1,3,1,2,1,3,3,3,2,2,2,0,0
"118","R_3fT20n75mv8oDyZ",1,1,0.666666666666667,1,1,1,0.8,0.833333333333333,0.916666666666667,18,2,4,3,4,5,2,1,2,2,4,2,4,2,2,2,2,3,3,2,3,3,3,4,4,4,4,4,4,1,1,1,1,3,1,1,0.833333333333333
"119","R_3FX60gZDktLnVk8",0.666666666666667,0.333333333333333,0.666666666666667,0.666666666666667,1,0.25,0.6,0.583333333333333,0.583333333333333,19,1,4,5,2,3,4,1,1,2,2,4,3,3,4,4,3,1,1,1,1,3,4,2,2,3,2,4,4,3,2,4,3,3,3,0.5,0.666666666666667
"120","R_3GiB3uNwbtKbq3P",1,1,1,0.666666666666667,1,0.75,1,0.583333333333333,0.916666666666667,18,1,1,4,5,2,3,1,2,2,3,3,2,2,3,3,4,2,4,2,4,4,4,1,1,1,1,1,1,4,2,2,2,2,2,0.833333333333333,1
"121","R_3gO7ZyaLlZH23Tx",0.333333333333333,0.666666666666667,0.666666666666667,0.666666666666667,0.666666666666667,0.5,0.6,0.333333333333333,0.583333333333333,19,1,2,4,3,2,1,1,2,1,3,3,3,1,3,3,3,2,4,4,4,4,4,4,2,2,2,2,2,1,1,3,2,1,1,0.5,0.666666666666667
"122","R_3gZNxe4m6y3iSM0",1,1,1,1,1,1,1,0.75,1,18,1,1,3,4,5,2,1,2,2,4,2,3,1,2,2,2,3,3,3,3,3,3,4,4,4,4,4,4,4,1,1,1,1,1,1,1
"123","R_3HLWXVLE2TCG3nq",1,1,1,0.333333333333333,0.666666666666667,0.75,1,0.916666666666667,0.833333333333333,20,1,1,4,3,2,1,1,2,1,3,3,3,3,3,3,1,4,4,2,4,4,4,1,1,1,3,1,1,2,2,2,2,2,2,0.833333333333333,0.833333333333333
"124","R_3huNrSxPSG6p9TL",0.666666666666667,0.333333333333333,0.666666666666667,0.333333333333333,0.333333333333333,0.5,0.6,0.5,0.5,19,2,7,2,1,4,3,1,1,1,1,2,2,2,2,2,2,1,1,1,1,1,1,3,3,3,3,3,3,4,4,4,4,4,4,0.5,0.5
"125","R_3iViK5jupRz0MbC",0,0.333333333333333,0,0.333333333333333,0,0.5,0,0.5,0.166666666666667,18,1,2,4,5,2,3,1,2,2,3,2,2,3,2,2,3,4,4,4,3,3,2,4,2,1,3,4,1,3,3,2,3,3,3,0.333333333333333,0
"126","R_3j97pqk0sT7xaLk",0.666666666666667,0.333333333333333,0.333333333333333,0.333333333333333,0.333333333333333,0.5,0.4,0.333333333333333,0.416666666666667,18,2,1,1,4,3,2,1,2,1,4,2,3,3,2,1,3,1,3,1,3,3,3,4,2,4,3,4,2,2,2,2,4,2,3,0.5,0.333333333333333
"127","R_3jdmekQlkuiggEx",0.666666666666667,1,1,0.666666666666667,0.666666666666667,1,0.8,0.666666666666667,0.833333333333333,20,2,4,4,5,2,3,1,2,2,3,3,3,3,3,3,3,3,4,4,4,4,4,1,4,1,4,1,1,4,2,3,2,2,4,0.833333333333333,0.833333333333333
"128","R_3JEmhBdQHaXISjC",1,0.333333333333333,0.666666666666667,0.666666666666667,0.666666666666667,0.75,0.6,0.416666666666667,0.666666666666667,18,2,2,3,4,5,2,1,2,2,4,2,2,2,2,2,2,1,1,4,3,2,1,3,2,4,3,4,3,2,1,2,1,1,1,0.833333333333333,0.5
"129","R_3jUv5sgQIINxnK5",1,0.666666666666667,0.666666666666667,0.666666666666667,0.666666666666667,1,0.6,0.333333333333333,0.75,19,1,5,2,1,4,3,1,1,1,1,1,1,4,1,1,1,4,3,2,2,4,3,4,2,3,2,3,3,3,3,1,4,4,4,1,0.5
"130","R_3kcfeRKxNH0XHjT",0.666666666666667,1,0.666666666666667,0.666666666666667,1,0.75,0.6,0.333333333333333,0.75,19,2,7,3,4,5,2,1,2,2,4,1,3,2,2,2,4,2,2,4,3,3,3,1,3,4,4,4,4,1,3,1,1,3,2,0.666666666666667,0.833333333333333
"131","R_3ki9iNyiYwXQDMB",0.666666666666667,0.333333333333333,0.333333333333333,0.333333333333333,0.666666666666667,0.25,0.4,0.416666666666667,0.416666666666667,18,2,5,4,2,2,3,0.75,2,2,3,3,2,3,3,3,3,1,1,1,1,1,1,4,3,4,4,4,4,2,2,2,2,1,2,0.5,0.333333333333333
"132","R_3LhwixYWfPNyizc",0.333333333333333,0.333333333333333,0.666666666666667,0.333333333333333,0,0.25,0.8,0.333333333333333,0.416666666666667,20,2,1,3,4,5,2,1,2,2,4,4,4,1,4,4,1,3,3,3,3,3,3,2,2,2,2,2,2,4,1,3,1,2,1,0.333333333333333,0.5
"133","R_3M9egG8DsyF4nip",0.666666666666667,0.333333333333333,0.666666666666667,0.333333333333333,0.666666666666667,0.25,0.6,0.5,0.5,21,1,6,4,5,2,3,1,2,2,3,3,3,3,3,3,3,1,1,1,1,1,1,4,4,4,4,4,4,2,2,2,2,2,2,0.5,0.5
"134","R_3MngN3xhOmdB45W",0.666666666666667,0.333333333333333,1,0.666666666666667,0.666666666666667,0.5,0.8,0.5,0.666666666666667,20,2,5,5,2,3,4,1,1,2,2,4,4,4,4,4,4,1,3,3,1,4,1,2,3,4,3,4,4,3,1,2,3,3,3,0.666666666666667,0.666666666666667
"135","R_3ncttULOviO9GhF",1,1,1,1,1,1,1,0.916666666666667,1,22,1,2,2,3,4,5,1,1,2,1,1,1,1,1,1,1,2,2,1,2,2,2,3,3,3,3,3,3,4,4,4,4,4,4,1,1
"136","R_3nGB07vLe8fIwFo",1,1,0.666666666666667,0.666666666666667,0.666666666666667,1,0.8,0.5,0.833333333333333,18,2,2,3,4,5,2,1,2,2,4,2,2,4,2,2,2,3,1,2,3,3,3,1,4,3,1,4,4,1,1,4,3,1,1,1,0.666666666666667
"137","R_3NZXRvZnugU6dzV",1,1,0.666666666666667,1,1,1,0.8,0.25,0.916666666666667,18,2,1,2,1,4,3,1,1,1,1,2,2,4,1,1,1,1,4,2,2,2,2,4,3,4,3,3,3,4,3,2,4,1,4,1,0.833333333333333
"138","R_3O9ckRlGB5XOGU5",1,1,1,1,1,1,1,0.833333333333333,1,24,1,1,4,3,2,1,1,2,1,3,3,1,3,3,3,3,4,4,4,4,4,4,1,3,1,1,1,1,2,2,2,2,2,2,1,1
"139","R_3oBznhmHl8gzamY",0.333333333333333,0.333333333333333,0.666666666666667,0.333333333333333,0.666666666666667,0.25,0.4,0.5,0.416666666666667,20,2,2,2,3,4,5,1,1,2,1,1,1,3,1,1,2,3,2,4,2,3,2,2,2,3,4,4,4,4,3,4,4,2,3,0.333333333333333,0.5
"140","R_3Oc4Je5UR1f0hln",0.333333333333333,0.666666666666667,0.666666666666667,1,1,0.5,0.6,0.666666666666667,0.666666666666667,18,2,1,2,1,4,3,1,1,1,1,1,1,4,1,1,1,1,2,2,2,2,4,4,3,4,3,4,1,4,4,4,4,4,1,0.5,0.833333333333333
"141","R_3oGt8srGkt1wJRA",0.666666666666667,0.666666666666667,0.333333333333333,0.666666666666667,0.666666666666667,0.75,0.4,0.416666666666667,0.583333333333333,18,2,6,5,2,3,4,1,1,2,2,3,4,3,3,4,3,1,4,1,1,3,4,4,2,4,2,2,2,3,1,1,2,3,3,0.666666666666667,0.5
"142","R_3oNpW5EhAijAqAh",1,1,0.666666666666667,0.333333333333333,0.666666666666667,0.75,0.8,0.75,0.75,18,2,1,2,3,4,5,1,1,2,1,1,1,1,1,1,2,2,4,2,2,2,2,1,3,2,2,3,3,4,4,4,1,4,4,0.833333333333333,0.666666666666667
"143","R_3oyDOWu5PwbELPL",0,0.333333333333333,0.333333333333333,0.666666666666667,0.333333333333333,0.25,0.4,0.333333333333333,0.333333333333333,20,2,3,5,2,3,4,1,1,2,2,1,2,3,1,1,3,3,1,4,1,1,1,3,2,2,2,3,3,2,3,2,2,1,4,0.166666666666667,0.5
"144","R_3QKT7mOwegvBvgD",0.666666666666667,1,0.666666666666667,0.333333333333333,1,0.5,0.6,0.666666666666667,0.666666666666667,19,2,5,3,2,1,4,1,1,1,2,4,3,4,4,4,1,4,1,1,3,1,4,2,2,2,2,2,2,3,2,4,3,3,1,0.5,0.833333333333333
"145","R_3QWA73IA1XJVMON",0.666666666666667,1,0.333333333333333,0.333333333333333,1,0.25,0.6,0.833333333333333,0.583333333333333,21,1,2,2,1,4,3,1,1,1,1,1,2,1,1,1,4,3,2,2,3,2,3,3,3,3,3,2,3,4,4,4,3,4,4,0.5,0.666666666666667
"146","R_3wwJdJHyq5APv1v",1,1,1,1,1,1,1,0.416666666666667,1,18,2,5,3,4,5,2,1,2,2,4,2,1,1,2,2,2,3,2,1,3,3,3,4,3,2,4,4,4,2,1,1,1,1,1,1,1
"147","R_3wytguwXCWzQinT",1,1,1,0.333333333333333,1,0.5,1,0.583333333333333,0.833333333333333,20,1,1,3,4,5,2,1,2,2,4,2,2,2,2,2,3,1,1,3,1,3,3,4,3,3,4,4,4,1,1,4,1,1,1,0.666666666666667,1
"148","R_5pzS19sCFtE9KMN",0.666666666666667,1,1,1,1,0.75,1,1,0.916666666666667,19,2,2,4,5,2,3,1,2,2,3,3,3,3,3,3,3,4,4,4,4,4,4,1,1,1,1,4,1,2,2,2,2,2,2,0.833333333333333,1
"149","R_6tbukABWQhQ67hT",1,1,1,1,1,1,1,1,1,18,2,4,4,5,2,3,1,2,2,3,3,3,3,3,3,3,4,4,4,4,4,4,1,1,1,1,1,1,2,2,2,2,2,2,1,1
"150","R_9soMmFR0K5NfqDf",0.666666666666667,0.333333333333333,1,0.333333333333333,0.666666666666667,0.25,0.8,0.333333333333333,0.583333333333333,18,1,6,1,4,3,2,1,2,1,4,4,4,4,2,2,3,1,3,4,3,4,3,1,2,2,2,2,2,1,1,1,1,1,1,0.5,0.666666666666667
"151","R_a2xE4LJcMIsPAOd",0.666666666666667,1,1,1,1,0.75,1,0.75,0.916666666666667,19,2,1,3,2,1,4,1,1,1,2,4,4,4,4,4,4,3,1,1,1,1,1,2,2,4,2,1,2,3,3,1,3,3,3,0.833333333333333,1
"152","R_BRD1vni7l0lIORj",0.666666666666667,0.666666666666667,0.666666666666667,0.666666666666667,1,0.25,0.8,0.416666666666667,0.666666666666667,18,1,5,1,4,3,2,1,2,1,4,2,2,1,2,2,1,1,3,3,3,3,2,3,4,3,4,2,1,2,2,2,1,1,1,0.5,0.833333333333333
"153","R_brz1ntfQOTZL0CR",0.666666666666667,0.333333333333333,0.666666666666667,0.666666666666667,0.666666666666667,0.75,0.4,0.583333333333333,0.583333333333333,19,2,7,4,3,2,1,1,2,1,3,3,2,3,3,4,3,4,3,3,2,2,2,1,1,3,1,1,1,2,2,3,2,2,3,0.666666666666667,0.5
"154","R_cMEWmTHtjrw6dqN",0.666666666666667,0.666666666666667,1,0.333333333333333,1,0.25,0.8,0.666666666666667,0.666666666666667,18,2,4,4,3,2,1,1,2,1,3,3,3,3,3,3,1,3,4,4,1,4,4,1,4,4,1,1,4,2,2,1,2,2,4,0.333333333333333,1
"155","R_D0hWBCBO6Y9yhrj",1,1,1,1,1,1,1,0.5,1,19,2,1,4,3,2,1,1,2,1,3,3,3,2,3,3,3,4,2,4,4,4,4,2,4,4,1,1,1,4,2,2,2,2,2,1,1
"156","R_DjKtXKThLqajicF",0.333333333333333,0.333333333333333,0,0,0,0,0.4,0.25,0.166666666666667,18,2,2,2,3,4,5,1,1,2,1,3,4,2,2,3,4,1,1,4,1,2,3,3,2,3,1,4,2,1,1,4,3,3,4,0.166666666666667,0.166666666666667
"157","R_eQZRf37Iy1knzc5",0.666666666666667,1,1,0.666666666666667,0.666666666666667,0.75,1,0.25,0.833333333333333,19,2,1,3,4,5,2,1,2,2,4,2,1,4,2,2,2,1,2,2,3,3,3,1,2,4,3,1,4,2,1,2,1,1,1,0.833333333333333,0.833333333333333
"158","R_NVf3hKgG4k0f3X3",0.333333333333333,0.333333333333333,0.333333333333333,0.333333333333333,0.333333333333333,0.5,0.2,0.166666666666667,0.333333333333333,19,2,6,4,3,2,1,1,2,1,3,2,2,3,1,3,1,3,4,2,4,3,4,4,3,4,3,1,2,4,4,3,3,1,3,0.333333333333333,0.333333333333333
"159","R_NXVJ6cmPgmq1lfj",0.333333333333333,0.666666666666667,0.333333333333333,0.666666666666667,0.333333333333333,0.75,0.4,0.5,0.5,18,2,5,4,5,2,3,1,2,2,3,2,3,1,3,4,3,4,4,4,4,4,3,3,2,1,4,2,1,3,1,2,3,2,3,0.666666666666667,0.333333333333333
"160","R_OloEB2ZWUcZBuA9",0.333333333333333,0.666666666666667,0.333333333333333,0.333333333333333,0.333333333333333,0.5,0.4,0.166666666666667,0.416666666666667,18,1,2,1,4,3,2,1,2,1,4,3,1,3,2,3,2,1,2,2,2,3,1,4,1,2,3,3,4,2,1,3,1,2,3,0.5,0.333333333333333
"161","R_ONFi96quUMbHEml",0.666666666666667,0.333333333333333,0.666666666666667,0.333333333333333,0.333333333333333,0.75,0.4,0.416666666666667,0.5,19,1,1,4,3,2,1,1,2,1,3,1,4,4,3,4,3,3,3,4,3,3,2,1,1,1,4,1,1,4,2,3,2,2,4,0.666666666666667,0.333333333333333
"162","R_OvUttr3K2oelIVH",1,0.666666666666667,0.666666666666667,0.666666666666667,1,0.75,0.6,0.666666666666667,0.75,18,2,2,2,1,4,3,1,1,1,1,4,4,1,1,1,4,4,2,2,2,3,2,1,3,3,3,3,3,4,4,4,3,4,4,0.833333333333333,0.666666666666667
"163","R_PG98mrIV0s9YPIZ",0.333333333333333,1,0.333333333333333,0.666666666666667,0.666666666666667,0.75,0.4,0.583333333333333,0.583333333333333,18,2,5,1,4,3,2,1,2,1,4,3,2,1,2,2,2,3,3,3,3,3,1,1,1,4,2,1,4,3,1,1,3,1,3,0.666666666666667,0.5
"164","R_pQ1KJUoIKyPdxIJ",0.666666666666667,1,1,0.333333333333333,0.666666666666667,0.75,0.8,0.833333333333333,0.75,19,2,4,3,4,5,2,1,2,2,4,2,2,2,2,2,2,3,3,3,4,3,3,3,4,3,1,4,4,1,1,1,1,1,3,0.666666666666667,0.833333333333333
"165","R_PzKpXUeZH64zAtz",0.666666666666667,0.666666666666667,0.666666666666667,0.666666666666667,0.666666666666667,0.75,0.6,0.666666666666667,0.666666666666667,18,2,6,3,2,1,4,1,1,1,2,1,4,4,4,1,2,1,1,1,1,1,3,4,4,2,2,2,2,3,4,3,3,3,1,0.666666666666667,0.666666666666667
"166","R_qCoHiKq5ySge4mJ",0.666666666666667,0.666666666666667,1,1,0.666666666666667,0.75,1,0.75,0.833333333333333,19,2,6,3,4,5,2,1,2,2,4,3,2,2,2,3,2,3,3,2,3,3,3,4,4,4,4,3,4,1,1,2,1,1,1,0.833333333333333,0.833333333333333
"167","R_qCScwLhxpoxx9yV",0.333333333333333,0.666666666666667,0.333333333333333,0,0.333333333333333,0.25,0.4,0.333333333333333,0.333333333333333,20,2,5,2,1,4,3,1,1,1,1,2,3,3,3,1,4,3,2,2,3,1,1,2,3,2,4,2,3,4,1,2,3,4,4,0.333333333333333,0.333333333333333
"168","R_r0HmVATwIpFRNIJ",0.666666666666667,1,0.333333333333333,0,0.666666666666667,0.5,0.4,0.416666666666667,0.5,21,2,2,1,4,3,2,1,2,1,4,2,4,2,2,2,4,2,4,3,2,3,3,2,4,4,3,4,4,3,3,4,3,3,3,0.5,0.5
"169","R_r3h99HZb6OltDvr",0.666666666666667,1,0,0.333333333333333,1,0.5,0.2,0.666666666666667,0.5,19,2,1,1,4,3,2,1,2,1,4,2,1,1,2,2,1,3,3,3,1,3,1,4,4,4,4,4,4,1,2,2,2,3,3,0.5,0.5
"170","R_Rzb9BKkheW3HOJr",1,1,1,0.333333333333333,1,0.5,1,0.833333333333333,0.833333333333333,22,1,1,2,3,4,5,1,1,2,1,1,4,3,1,1,3,2,2,2,4,2,2,3,3,3,3,3,3,4,4,4,4,4,4,0.666666666666667,1
"171","R_s4O4QvvAQQ2h70J",0,0.333333333333333,0.333333333333333,0.333333333333333,0.333333333333333,0.25,0.2,0.333333333333333,0.25,18,2,1,2,1,4,3,1,1,1,1,1,1,3,2,1,3,2,2,1,2,3,2,4,4,4,4,4,4,2,3,3,3,3,3,0.166666666666667,0.333333333333333
"172","R_sRIVa1bJN2L9OqB",0.333333333333333,0.333333333333333,0,0.333333333333333,0.333333333333333,0.5,0,0.416666666666667,0.25,21,2,2,3,4,5,2,1,2,2,4,4,3,4,1,2,2,3,3,3,1,2,1,4,1,4,1,4,1,4,2,2,4,4,2,0.333333333333333,0.166666666666667
"173","R_Tkl9ncus3VfHy2B",0.333333333333333,1,0.666666666666667,0.333333333333333,0.666666666666667,0.5,0.6,0.5,0.583333333333333,20,2,5,1,1,4,3,1,1,1,1,2,2,2,1,1,1,2,2,1,3,2,1,4,3,2,1,2,3,4,4,4,4,4,2,0.5,0.666666666666667
"174","R_Tow2et8riN0v3Tr",1,0.666666666666667,1,0.666666666666667,1,0.75,0.8,0.666666666666667,0.833333333333333,19,2,1,1,4,3,2,1,2,1,4,2,3,2,2,2,3,3,2,3,3,1,3,1,4,4,4,4,4,1,1,3,1,1,1,0.833333333333333,0.833333333333333
"175","R_ufDeq4G5opoabYt",1,0.666666666666667,1,0.666666666666667,1,0.75,0.8,0.75,0.833333333333333,21,2,5,3,2,1,4,1,1,1,2,4,4,2,4,4,1,1,1,1,1,3,1,2,1,2,2,2,2,3,3,1,3,3,3,0.833333333333333,0.833333333333333
"176","R_Uu9OFdiIl2zuzU5",1,0.666666666666667,1,1,0.666666666666667,1,1,0.75,0.916666666666667,19,2,2,3,2,1,4,1,1,1,2,1,4,4,4,1,4,3,1,1,1,1,1,2,2,1,2,2,2,3,3,3,3,3,3,1,0.833333333333333
"177","R_uxMx2gHwxvQj3SV",1,1,1,1,1,1,1,0.833333333333333,1,20,1,1,2,3,4,5,1,1,2,1,1,1,1,1,1,1,2,2,2,2,2,2,3,3,1,3,3,3,1,4,4,4,4,4,1,1
"178","R_UyXf0koqORo7VXb",0,0.333333333333333,0.333333333333333,0.333333333333333,0,0.25,0.4,0.0833333333333333,0.25,19,2,4,4,5,2,3,1,2,2,3,2,2,2,2,2,2,4,2,3,4,4,4,2,3,3,3,3,3,1,1,1,1,1,1,0.166666666666667,0.333333333333333
"179","R_VKcNWjlTQGy9rMZ",0.666666666666667,1,1,0.333333333333333,0.666666666666667,0.75,0.8,0.75,0.75,19,1,4,5,2,3,4,1,1,2,2,4,4,1,4,4,3,3,1,1,1,1,1,2,2,2,1,2,2,1,3,3,3,3,1,0.666666666666667,0.833333333333333
"180","R_w6kUonYFXiBRvGh",1,1,1,1,1,1,1,0.75,1,18,2,7,4,3,2,1,1,2,1,3,3,3,3,3,3,3,1,4,3,4,4,4,2,1,1,1,1,1,2,2,2,2,2,2,1,1
"181","R_WBTJ4axig7Gurlf",1,1,1,0.666666666666667,1,0.75,1,0.583333333333333,0.916666666666667,18,1,2,4,3,2,1,1,2,1,3,3,1,4,3,3,4,4,4,1,4,4,4,1,2,1,1,1,1,2,2,1,2,2,2,0.833333333333333,1
"182","R_WdPLnCucjKDvd2V",0.666666666666667,0.666666666666667,1,1,1,0.5,1,0.333333333333333,0.833333333333333,20,2,1,5,2,3,4,1,1,2,2,4,3,3,4,4,4,1,3,3,1,1,1,4,2,2,2,4,4,2,2,4,3,3,3,0.666666666666667,1
"183","R_wTSvg4U4e3Z5PfH",0.666666666666667,0.666666666666667,1,1,1,0.75,0.8,0.75,0.833333333333333,18,2,2,3,2,1,4,1,1,1,2,4,4,3,4,4,4,3,1,3,1,4,1,2,2,2,2,4,2,3,3,3,3,3,3,0.833333333333333,0.833333333333333
"184","R_XNhEdWwSFkZ8kjD",1,0.666666666666667,0.666666666666667,1,1,1,0.6,0.416666666666667,0.833333333333333,19,2,1,3,2,1,4,1,1,1,2,4,3,4,4,4,4,3,3,4,1,4,1,3,2,2,2,2,2,4,3,4,1,3,3,1,0.666666666666667
"185","R_Ycy7HZNOs7CrONj",0.666666666666667,0.666666666666667,0,0.666666666666667,1,0.75,0,0.5,0.5,18,2,2,4,5,2,3,1,2,2,3,3,2,3,3,3,3,2,4,3,2,2,2,1,1,1,1,1,1,4,4,4,4,4,4,0.666666666666667,0.333333333333333
"186","R_yydiNTvOZjTUQVP",0.666666666666667,0.333333333333333,0.666666666666667,0.333333333333333,0.666666666666667,0.25,0.6,0.25,0.5,18,2,7,3,2,1,4,1,1,1,2,4,3,3,4,4,4,3,2,2,3,3,3,1,1,3,1,1,3,3,3,4,3,3,3,0.5,0.5
"187","R_yyZfJRs6ssvEpIB",0.666666666666667,0.666666666666667,1,0.666666666666667,0.333333333333333,0.75,1,0.666666666666667,0.75,19,1,2,3,2,1,4,1,1,1,2,4,1,4,1,1,1,2,1,4,1,1,1,4,2,2,2,2,2,3,3,3,3,3,3,0.666666666666667,0.833333333333333
"188","R_ZEqHZk7oknqEdzP",1,1,1,1,1,1,1,1,1,21,2,6,3,4,5,2,1,2,2,4,2,2,2,2,2,2,3,3,3,3,3,3,4,4,4,4,4,4,1,1,1,1,1,1,1,1
