ResponseId,age,sex,race,AC_1,AC_2,AC_3,AC_4,AC,Version,Condition,Order,1_Test blockV1_INT,2_Test blockV1_INT,3_Test blockV1_INT,4_Test blockV1_MCI,5_Test blockV1_MCI,6_Test blockV1_MCI,7_Test blockV1_INT,8_Test blockV1_INT,9_Test blockV1_INT,10_Test blockV1_MCI,11_Test blockV1_MCI,12_Test blockV1_MCI,13_Test blockV1_INT,14_Test blockV1_INT,15_Test blockV1_INT,16_Test blockV1_MCI,17_Test blockV1_MCI,18_Test blockV1_MCI,19_Test blockV1_INT,20_Test blockV1_INT,21_Test blockV1_INT,22_Test blockV1_MCI,23_Test blockV1_MCI,24_Test blockV1_MCI
R_s4O4QvvAQQ2h70J,18,2,1,2,1,4,3,1,1,1,1,1,1,3,2,1,3,2,2,1,2,3,2,4,4,4,4,4,4,2,3,3,3,3,3
R_3CH0BVBA4VK7HDK,19,2,1,2,1,4,3,1,1,1,1,1,1,1,1,1,4,2,2,2,2,3,2,3,3,3,3,1,1,4,4,4,4,4,4
R_2cvy7FBuli0Lcfv,18,2,2,2,1,4,3,1,1,1,1,1,1,1,1,1,1,2,2,1,2,2,2,3,3,3,3,3,3,4,4,4,4,4,4
R_2aEb73U6tWKK255,19,1,1,2,1,4,3,1,1,1,1,1,1,4,1,2,4,2,3,3,2,2,2,3,3,1,3,4,3,3,3,2,4,4,3
R_3Oc4Je5UR1f0hln,18,2,1,2,1,4,3,1,1,1,1,1,1,4,1,1,1,1,2,2,2,2,4,4,3,4,3,4,1,4,4,4,4,4,1
R_3jUv5sgQIINxnK5,19,1,5,2,1,4,3,1,1,1,1,1,1,4,1,1,1,4,3,2,2,4,3,4,2,3,2,3,3,3,3,1,4,4,4
R_1jqzOyVJEj2KfMn,19,1,2,2,1,4,3,1,1,1,1,1,4,1,1,1,3,3,4,1,2,2,2,3,3,3,3,1,2,2,4,2,4,4,4
R_1DMxJ9kXJr8uU4Z,19,2,1,2,1,4,3,1,1,1,1,1,1,3,1,1,1,4,2,4,2,2,2,4,3,3,3,3,4,1,4,4,2,4,4
R_3QWA73IA1XJVMON,21,1,2,2,1,4,3,1,1,1,1,1,2,1,1,1,4,3,2,2,3,2,3,3,3,3,3,2,3,4,4,4,3,4,4
R_1myjMfpcxaM67PP,19,2,6,2,1,4,3,1,1,1,1,1,1,1,3,1,1,3,2,3,2,1,2,1,1,3,1,3,3,4,4,4,4,1,4
R_3NZXRvZnugU6dzV,18,2,1,2,1,4,3,1,1,1,1,2,2,4,1,1,1,1,4,2,2,2,2,4,3,4,3,3,3,4,3,2,4,1,4
R_1DZ0SqjRal9ZF2f,18,2,6,2,1,4,3,1,1,1,1,2,2,2,2,2,2,1,3,1,4,1,3,4,1,4,3,4,3,2,4,4,4,4,4
R_2v2GXDShUuWmW9u,20,1,2,1,1,4,3,0.75,1,1,1,2,4,1,2,1,2,4,2,1,4,4,4,3,3,2,3,3,3,2,4,2,4,4,4
R_1Hdy6Vy71RWDkUW,18,1,2,2,1,4,3,1,1,1,1,2,1,1,1,1,2,4,2,2,2,2,2,4,3,3,3,2,3,4,1,4,4,4,4
R_3huNrSxPSG6p9TL,19,2,7,2,1,4,3,1,1,1,1,2,2,2,2,2,2,1,1,1,1,1,1,3,3,3,3,3,3,4,4,4,4,4,4
R_Tkl9ncus3VfHy2B,20,2,5,1,1,4,3,1,1,1,1,2,2,2,1,1,1,2,2,1,3,2,1,4,3,2,1,2,3,4,4,4,4,4,2
R_1latoPX2MW9tMq5,18,2,2,2,1,1,3,0.75,1,1,1,2,1,4,4,4,1,2,2,4,1,4,1,2,1,3,4,1,3,4,3,3,2,1,3
R_qCScwLhxpoxx9yV,20,2,5,2,1,4,3,1,1,1,1,2,3,3,3,1,4,3,2,2,3,1,1,2,3,2,4,2,3,4,1,2,3,4,4
R_1pVXmCEu5GAiLLD,19,2,2,2,1,4,3,1,1,1,1,2,3,4,2,2,2,2,2,1,2,1,2,3,3,4,3,3,3,1,3,1,3,4,4
R_1fkIQR323MaVCJ0,18,2,6,2,1,4,3,1,1,1,1,3,1,2,2,2,2,2,3,2,1,3,3,2,3,2,1,3,3,1,4,1,4,4,4
R_2CZBBUJKu8ZEJ7j,19,2,7,2,1,4,3,1,1,1,1,3,3,1,3,4,3,2,2,2,2,1,2,2,4,4,3,3,4,2,4,1,2,3,3
R_1IDYXVQDbaUgy9d,19,2,6,2,1,4,3,1,1,1,1,4,1,1,1,1,2,2,2,2,2,2,2,3,2,2,3,3,3,2,4,3,3,4,4
R_OvUttr3K2oelIVH,18,2,2,2,1,4,3,1,1,1,1,4,4,1,1,1,4,4,2,2,2,3,2,1,3,3,3,3,3,4,4,4,3,4,4
R_2wigxfBWaGM3jok,18,2,2,2,1,4,3,1,1,1,1,4,4,1,1,1,1,1,2,2,2,2,2,3,3,3,3,3,3,4,4,4,4,4,4
R_Uu9OFdiIl2zuzU5,19,2,2,3,2,1,4,1,1,1,2,1,4,4,4,1,4,3,1,1,1,1,1,2,2,1,2,2,2,3,3,3,3,3,3
R_PzKpXUeZH64zAtz,18,2,6,3,2,1,4,1,1,1,2,1,4,4,4,1,2,1,1,1,1,1,3,4,4,2,2,2,2,3,4,3,3,3,1
R_2uHXlM5ZQRVHa0V,19,1,6,3,2,1,4,1,1,1,2,2,4,4,4,4,4,1,1,1,1,1,1,2,2,2,2,2,2,3,3,3,3,3,3
R_a2xE4LJcMIsPAOd,19,2,1,3,2,1,4,1,1,1,2,4,4,4,4,4,4,3,1,1,1,1,1,2,2,4,2,1,2,3,3,1,3,3,3
R_ufDeq4G5opoabYt,21,2,5,3,2,1,4,1,1,1,2,4,4,2,4,4,1,1,1,1,1,3,1,2,1,2,2,2,2,3,3,1,3,3,3
R_2EGnzrdKyZwvRQJ,19,2,1,3,2,1,4,1,1,1,2,4,4,4,4,4,4,1,1,4,1,1,1,3,2,2,2,4,2,3,3,3,3,3,3
R_1KlGfbnaRMCvHM9,18,2,7,3,2,1,4,1,1,1,2,4,4,3,4,4,4,1,1,1,1,3,1,2,2,2,2,2,2,3,3,3,3,3,3
R_1OGN3IoxYlJhCwy,18,2,1,3,2,1,4,1,1,1,2,4,3,4,4,4,4,3,1,1,1,1,1,2,2,4,2,1,2,3,3,1,3,3,3
R_2rSDHgtMpHCXv60,18,1,2,3,2,1,4,1,1,1,2,4,4,4,4,4,4,1,1,1,1,1,3,3,2,2,2,4,2,3,3,3,3,3,3
R_1YyBMTua4mITCuZ,18,1,5,3,2,1,4,1,1,1,2,4,4,3,4,4,4,3,1,1,1,1,1,4,2,1,2,2,4,3,3,3,3,3,3
R_3e3TQBrkWqVrDAZ,18,2,7,3,2,1,4,1,1,1,2,4,1,2,4,4,4,3,1,2,1,3,2,1,1,1,1,1,2,3,3,3,3,3,3
R_2oxXnTUZ7jzvILT,18,2,2,3,2,1,4,1,1,1,2,4,4,4,4,4,4,1,1,1,1,1,1,2,2,2,2,2,2,3,3,3,3,3,3
R_yydiNTvOZjTUQVP,18,2,7,3,2,1,4,1,1,1,2,4,3,3,4,4,4,3,2,2,3,3,3,1,1,3,1,1,3,3,3,4,3,3,3
R_1N93rizQmyL8rEq,18,2,4,3,2,1,4,1,1,1,2,4,4,4,4,4,4,1,1,1,3,1,1,2,2,3,2,2,2,1,3,4,1,3,4
R_XNhEdWwSFkZ8kjD,19,2,1,3,2,1,4,1,1,1,2,4,3,4,4,4,4,3,3,4,1,4,1,3,2,2,2,2,2,4,3,4,1,3,3
R_3QKT7mOwegvBvgD,19,2,5,3,2,1,4,1,1,1,2,4,3,4,4,4,1,4,1,1,3,1,4,2,2,2,2,2,2,3,2,4,3,3,1
R_2t9Vwjf4fgjPRdT,20,2,7,3,2,1,4,1,1,1,2,4,2,2,3,2,1,4,4,2,3,1,1,1,3,2,1,3,1,2,3,4,2,3,3
R_wTSvg4U4e3Z5PfH,18,2,2,3,2,1,4,1,1,1,2,4,4,3,4,4,4,3,1,3,1,4,1,2,2,2,2,4,2,3,3,3,3,3,3
R_3dLdpoMWefCBIqN,19,2,2,3,2,1,4,1,1,1,2,4,4,4,4,4,4,3,3,3,3,3,1,2,2,3,2,2,2,1,1,4,1,3,1
R_yyZfJRs6ssvEpIB,19,1,2,3,2,1,4,1,1,1,2,4,1,4,1,1,1,2,1,4,1,1,1,4,2,2,2,2,2,3,3,3,3,3,3
R_1ib7q15b4S5pYM4,19,2,1,3,2,1,4,1,1,1,2,4,4,4,4,4,4,1,1,1,1,1,1,2,2,2,2,2,2,3,1,4,3,3,3
R_10IaUzE80AbTqbN,20,2,2,3,2,1,4,1,1,1,2,4,1,4,2,2,2,2,3,3,4,1,3,1,4,2,3,1,4,1,2,4,1,3,2
R_1OCEwCqgqTcnBCO,19,2,5,3,2,1,4,1,1,1,2,4,4,3,4,4,4,3,3,1,1,1,4,2,2,2,1,1,2,3,3,3,3,1,3
R_2BbunMarrIsyNAx,19,1,5,3,2,1,4,1,1,1,2,4,3,4,4,4,4,1,1,3,3,3,3,2,2,4,2,4,2,3,1,2,3,2,3
R_ONFi96quUMbHEml,19,1,1,4,3,2,1,1,2,1,3,1,4,4,3,4,3,3,3,4,3,3,2,1,1,1,4,1,1,4,2,3,2,2,4
R_NVf3hKgG4k0f3X3,19,2,6,4,3,2,1,1,2,1,3,2,2,3,1,3,1,3,4,2,4,3,4,4,3,4,3,1,2,4,4,3,3,1,3
R_D0hWBCBO6Y9yhrj,19,2,1,4,3,2,1,1,2,1,3,3,3,2,3,3,3,4,2,4,4,4,4,2,4,4,1,1,1,4,2,2,2,2,2
R_1QbUkhPEI91Qzjb,18,2,6,4,3,2,1,1,2,1,3,3,3,3,3,3,3,2,4,4,4,4,4,1,1,1,1,1,1,2,2,2,2,2,4
R_3gO7ZyaLlZH23Tx,19,1,2,4,3,2,1,1,2,1,3,3,3,1,3,3,3,2,4,4,4,4,4,4,2,2,2,2,2,1,1,3,2,1,1
R_3dYWrjaEcaHY2A0,18,1,1,4,3,2,1,1,2,1,3,3,3,3,3,3,3,4,4,2,4,2,1,1,1,2,2,2,2,1,1,3,3,4,1
R_w6kUonYFXiBRvGh,18,2,7,4,3,2,1,1,2,1,3,3,3,3,3,3,3,1,4,3,4,4,4,2,1,1,1,1,1,2,2,2,2,2,2
R_1H6k7nAgs83Oat6,18,1,2,4,3,2,1,1,2,1,3,3,3,2,3,3,4,3,2,3,1,4,4,4,4,1,1,1,1,2,2,2,2,2,2
R_brz1ntfQOTZL0CR,19,2,7,4,3,2,1,1,2,1,3,3,2,3,3,4,3,4,3,3,2,2,2,1,1,3,1,1,1,2,2,3,2,2,3
R_1Hqv8iTjtnMPy2k,20,2,1,4,3,2,1,1,2,1,3,3,3,3,2,3,1,4,4,1,2,4,3,1,3,1,3,2,3,2,1,1,2,1,2
R_3HLWXVLE2TCG3nq,20,1,1,4,3,2,1,1,2,1,3,3,3,3,3,3,1,4,4,2,4,4,4,1,1,1,3,1,1,2,2,2,2,2,2
R_2ru7m2HieNDF2Ew,20,2,1,4,3,2,1,1,2,1,3,3,3,3,3,3,1,4,4,4,4,4,4,1,1,1,1,1,1,2,2,1,2,2,2
R_2EhPkgaloHFzfVh,18,2,3,4,3,2,1,1,2,1,3,3,3,3,3,3,3,2,4,4,4,4,2,1,1,1,1,1,1,4,4,4,4,4,4
R_2V8i54qYOdmWNvK,18,2,5,4,3,2,1,1,2,1,3,3,2,3,3,2,4,4,1,4,4,1,4,1,3,1,2,1,3,2,2,2,2,2,2
R_1IEs8Q22JT8Ve3J,18,2,7,4,3,2,1,1,2,1,3,3,2,3,3,4,4,3,4,4,4,1,2,2,3,2,1,1,1,2,2,3,2,2,2
R_2ZHnQ1xH9hoMeT4,19,2,1,4,3,2,1,1,2,1,3,3,2,3,3,3,3,4,4,4,4,3,4,2,1,1,1,1,2,2,2,4,4,2,2
R_28M5NJ9hPuuXsxn,18,2,6,4,3,2,1,1,2,1,3,3,1,3,3,3,2,1,1,2,1,2,1,1,3,1,1,1,2,3,2,4,1,1,1
R_10C6Da540F2oAE1,20,2,1,4,3,2,1,1,2,1,3,3,3,3,3,3,3,4,4,4,4,4,4,1,4,1,1,1,3,2,2,1,2,2,2
R_3O9ckRlGB5XOGU5,24,1,1,4,3,2,1,1,2,1,3,3,1,3,3,3,3,4,4,4,4,4,4,1,3,1,1,1,1,2,2,2,2,2,2
R_cMEWmTHtjrw6dqN,18,2,4,4,3,2,1,1,2,1,3,3,3,3,3,3,1,3,4,4,1,4,4,1,4,4,1,1,4,2,2,1,2,2,4
R_WBTJ4axig7Gurlf,18,1,2,4,3,2,1,1,2,1,3,3,1,4,3,3,4,4,4,1,4,4,4,1,2,1,1,1,1,2,2,1,2,2,2
R_2TTNkEp1mQMoSfd,19,2,6,4,3,2,1,1,2,1,3,4,2,4,3,3,4,2,2,3,4,4,2,2,4,4,1,1,3,2,2,3,2,2,2
R_2D7gd8jh9geIqJk,18,2,1,4,3,2,1,1,2,1,3,4,3,4,3,3,3,4,4,3,3,3,3,1,1,1,1,1,1,2,2,3,2,2,2
R_2b2H457jGv743VD,20,2,5,1,4,3,2,1,2,1,4,1,1,1,1,1,2,3,3,1,3,3,2,2,1,4,3,4,4,2,2,1,2,3,2
R_2CemAAGnPAUofse,18,2,6,1,4,3,2,1,2,1,4,2,2,2,2,2,2,3,3,3,3,3,3,4,4,4,4,1,4,2,1,1,1,1,1
R_3j97pqk0sT7xaLk,18,2,1,1,4,3,2,1,2,1,4,2,3,3,2,1,3,1,3,1,3,3,3,4,2,4,3,4,2,2,2,2,4,2,3
R_1JUR4BgQm6F1vJO,18,2,1,1,4,3,2,1,2,1,4,2,4,2,2,4,3,3,1,2,4,3,1,1,4,4,4,2,4,1,1,1,1,1,2
R_2dtLt2iBDTjGs3E,18,2,1,1,4,3,2,1,2,1,4,2,2,2,2,2,2,3,3,3,3,3,3,4,4,4,4,4,4,1,1,1,1,1,1
R_0BqtnsRvJo1v8L7,18,2,5,1,4,3,2,1,2,1,4,2,2,2,2,2,3,3,3,3,3,3,3,1,4,4,4,4,2,1,3,1,1,3,1
R_2zZUzFtejGVVe6h,18,2,2,1,4,3,2,1,2,1,4,2,2,2,2,2,2,3,3,3,3,3,3,4,4,4,4,4,4,1,1,3,1,1,3
R_BRD1vni7l0lIORj,18,1,5,1,4,3,2,1,2,1,4,2,2,1,2,2,1,1,3,3,3,3,2,3,4,3,4,2,1,2,2,2,1,1,1
R_1BUXwmswZVlc7LB,19,2,6,1,4,3,2,1,2,1,4,2,2,2,2,1,4,3,3,3,3,3,1,1,2,4,4,4,3,1,1,2,1,1,1
R_r3h99HZb6OltDvr,19,2,1,1,4,3,2,1,2,1,4,2,1,1,2,2,1,3,3,3,1,3,1,4,4,4,4,4,4,1,2,2,2,3,3
R_2sSgpKdad9NUSUJ,18,2,1,1,4,3,2,1,2,1,4,2,2,1,2,2,2,3,3,2,3,3,3,1,4,4,2,4,4,1,1,4,1,1,1
R_Tow2et8riN0v3Tr,19,2,1,1,4,3,2,1,2,1,4,2,3,2,2,2,3,3,2,3,3,1,3,1,4,4,4,4,4,1,1,3,1,1,1
R_1gT3KU70wbNsIVa,18,2,2,1,4,3,2,1,2,1,4,2,2,2,2,2,2,3,3,3,3,3,4,4,4,4,4,4,4,1,1,1,1,1,1
R_1j7VF1jb9yTqYYY,18,2,5,1,4,3,2,1,2,1,4,2,2,2,2,2,2,1,2,3,1,3,1,4,2,4,4,4,4,1,4,1,1,1,1
R_2WTFH5OxORCqJD0,20,2,1,1,4,3,2,1,2,1,4,2,3,2,3,3,2,2,3,2,3,2,2,4,2,4,4,4,4,1,1,1,3,3,4
R_r0HmVATwIpFRNIJ,21,2,2,1,4,3,2,1,2,1,4,2,4,2,2,2,4,2,4,3,2,3,3,2,4,4,3,4,4,3,3,4,3,3,3
R_2zUBcIsayD17G8m,19,2,2,1,4,3,2,1,2,1,4,2,2,3,2,2,2,3,3,3,3,3,1,4,4,4,1,4,3,3,1,2,1,3,4
R_2aQAQY5IXrDXAzI,17,1,7,1,4,3,2,1,2,1,4,2,2,4,4,4,2,1,3,2,4,1,1,1,1,3,4,3,3,3,1,2,3,3,1
R_3dMt4KDbES4zt2k,19,2,4,1,4,3,2,1,2,1,4,2,2,2,2,2,2,3,3,4,3,4,3,1,4,4,4,4,4,1,1,2,1,1,1
R_22KN9KxHdoU3MW9,19,1,1,1,4,3,2,1,2,1,4,2,2,2,2,2,2,3,3,3,3,3,3,4,4,4,4,4,4,1,1,2,1,1,1
R_OloEB2ZWUcZBuA9,18,1,2,1,4,3,2,1,2,1,4,3,1,3,2,3,2,1,2,2,2,3,1,4,1,2,3,3,4,2,1,3,1,2,3
R_PG98mrIV0s9YPIZ,18,2,5,1,4,3,2,1,2,1,4,3,2,1,2,2,2,3,3,3,3,3,1,1,1,4,2,1,4,3,1,1,3,1,3
R_9soMmFR0K5NfqDf,18,1,6,1,4,3,2,1,2,1,4,4,4,4,2,2,3,1,3,4,3,4,3,1,2,2,2,2,2,1,1,1,1,1,1
R_2tM7L65WH3s3Tax,20,2,1,2,3,4,5,1,1,2,1,1,3,3,1,1,2,2,3,2,4,2,2,3,4,1,4,1,4,4,2,4,4,3,3
R_2yflHPKs1NijNJT,18,2,2,2,3,4,5,1,1,2,1,1,1,4,1,1,2,1,2,2,1,1,2,3,3,4,3,1,1,4,2,1,4,4,4
R_3oBznhmHl8gzamY,20,2,2,2,3,4,5,1,1,2,1,1,1,3,1,1,2,3,2,4,2,3,2,2,2,3,4,4,4,4,3,4,4,2,3
R_2vijORHG4TXRsME,20,2,2,2,3,4,5,1,1,2,1,1,1,2,1,2,2,4,1,1,3,2,2,3,3,3,3,3,3,4,4,4,4,4,4
R_1EjopEsgRwgcoqu,18,2,6,2,3,4,5,1,1,2,1,1,1,1,1,1,1,4,2,2,2,2,2,3,3,3,3,1,2,4,4,2,4,4,4
R_1gdb4fv5zOZRDZg,19,2,1,2,3,4,5,1,1,2,1,1,1,1,2,1,1,2,2,2,2,4,4,3,3,2,3,3,3,4,2,4,4,4,4
R_1OqKHHojBXnjZs9,21,1,4,2,3,4,5,1,1,2,1,1,1,1,1,1,1,2,4,2,2,1,3,3,3,1,3,3,2,4,4,2,4,4,4
R_2arBxHGtHEVX0nV,18,2,6,2,3,4,5,1,1,2,1,1,1,1,1,1,1,4,4,2,2,2,2,3,3,3,3,3,3,4,4,4,4,4,4
R_3ncttULOviO9GhF,22,1,2,2,3,4,5,1,1,2,1,1,1,1,1,1,1,2,2,1,2,2,2,3,3,3,3,3,3,4,4,4,4,4,4
R_Rzb9BKkheW3HOJr,22,1,1,2,3,4,5,1,1,2,1,1,4,3,1,1,3,2,2,2,4,2,2,3,3,3,3,3,3,4,4,4,4,4,4
R_2ttb6NNekwlN1UJ,19,2,6,2,3,4,5,1,1,2,1,1,4,3,3,3,4,3,3,2,3,4,2,3,2,2,3,3,2,2,4,2,4,4,1
R_3DjQe49nr5fLiIC,19,2,5,2,3,4,5,1,1,2,1,1,2,1,1,1,1,4,2,2,2,2,4,3,3,3,3,3,3,4,1,4,4,4,4
R_3oNpW5EhAijAqAh,18,2,1,2,3,4,5,1,1,2,1,1,1,1,1,1,2,2,4,2,2,2,2,1,3,2,2,3,3,4,4,4,1,4,4
R_1NFhjK3CL41DArC,21,2,2,2,3,4,5,1,1,2,1,1,1,1,1,2,1,1,2,3,2,1,2,4,3,2,3,3,2,4,4,3,4,2,4
R_3DnZA9zPqL64RLJ,20,2,1,2,3,4,5,1,1,2,1,1,1,2,1,1,1,4,2,3,4,3,3,2,4,2,3,3,2,2,2,2,1,3,1
R_uxMx2gHwxvQj3SV,20,1,1,2,3,4,5,1,1,2,1,1,1,1,1,1,1,2,2,2,2,2,2,3,3,1,3,3,3,1,4,4,4,4,4
R_1mmdI4sfKBftiVs,19,2,1,2,3,4,5,1,1,2,1,1,1,1,1,1,1,4,2,2,1,1,2,3,3,1,2,3,2,4,4,4,4,4,4
R_32LdGj7gY5QJsXb,20,1,1,2,3,4,5,1,1,2,1,1,1,2,4,2,2,1,2,3,2,2,4,3,3,3,4,3,4,4,1,2,1,1,2
R_25A6StPHHSnnkL2,19,2,6,2,3,4,5,1,1,2,1,2,1,2,1,2,1,3,2,4,4,2,2,4,3,3,4,4,3,4,2,1,2,4,4
R_1DUzFz2lGdXJbUl,19,2,5,2,3,4,5,1,1,2,1,2,2,2,3,2,3,1,1,1,1,1,1,4,4,4,3,4,4,2,2,3,2,2,2
R_3fK90szvOz0vx42,18,2,1,2,3,4,5,1,1,2,1,2,3,4,2,2,3,3,3,2,3,4,4,1,1,3,1,2,1,3,3,3,2,2,2
R_1hEzsH64pVi9IC0,18,2,2,2,3,4,5,1,1,2,1,2,1,1,2,1,2,2,4,1,2,2,1,3,3,3,3,3,3,4,4,1,1,4,4
R_DjKtXKThLqajicF,18,2,2,2,3,4,5,1,1,2,1,3,4,2,2,3,4,1,1,4,1,2,3,3,2,3,1,4,2,1,1,4,3,3,4
R_1i5qQfJ0GcDNeb1,21,2,2,2,3,4,5,1,1,2,1,4,4,4,4,3,4,3,3,1,3,3,3,3,3,3,3,3,4,2,2,2,2,1,2
R_3FIkSkAkNl7kBDj,18,2,2,5,2,3,4,1,1,2,2,1,2,2,1,4,2,1,2,1,1,4,2,3,4,4,2,3,3,4,3,3,4,4,3
R_3oyDOWu5PwbELPL,20,2,3,5,2,3,4,1,1,2,2,1,2,3,1,1,3,3,1,4,1,1,1,3,2,2,2,3,3,2,3,2,2,1,4
R_2vYZQI8r4iI20W9,18,2,3,5,2,3,4,1,1,2,2,1,2,4,4,4,1,2,3,1,1,1,1,1,3,3,2,3,3,2,1,1,1,2,4
R_2U3l6djiw5tNBca,18,2,6,5,2,3,4,1,1,2,2,3,4,4,4,4,4,3,3,1,3,3,4,2,3,2,2,2,2,4,3,3,4,3,1
R_3oGt8srGkt1wJRA,18,2,6,5,2,3,4,1,1,2,2,3,4,3,3,4,3,1,4,1,1,3,4,4,2,4,2,2,2,3,1,1,2,3,3
R_1LjNTqQF3c5IDyq,20,2,7,5,2,3,4,1,1,2,2,3,4,1,3,3,4,3,3,4,2,2,3,1,3,2,2,1,4,4,3,4,1,1,1
R_2aqs8oGuAL4GIuq,19,2,6,5,2,3,4,1,1,2,2,4,3,3,4,4,4,3,2,1,3,4,3,2,2,2,1,1,4,3,3,3,3,3,3
R_1QiH37l1clD8Pq6,19,2,1,5,2,3,4,1,1,2,2,4,4,4,4,4,4,1,1,1,1,1,1,3,2,2,2,2,2,1,1,3,3,3,3
R_3MngN3xhOmdB45W,20,2,5,5,2,3,4,1,1,2,2,4,4,4,4,4,4,1,3,3,1,4,1,2,3,4,3,4,4,3,1,2,3,3,3
R_VKcNWjlTQGy9rMZ,19,1,4,5,2,3,4,1,1,2,2,4,4,1,4,4,3,3,1,1,1,1,1,2,2,2,1,2,2,1,3,3,3,3,1
R_3FX60gZDktLnVk8,19,1,4,5,2,3,4,1,1,2,2,4,3,3,4,4,3,1,1,1,1,3,4,2,2,3,2,4,4,3,2,4,3,3,3
R_3efuwJn582PQPwB,19,2,7,5,2,3,4,1,1,2,2,4,4,2,4,4,3,1,1,2,2,1,1,2,2,4,2,2,2,1,1,4,3,3,3
R_12bhWMqzQ9qjzwf,20,2,2,5,2,3,4,1,1,2,2,4,2,3,2,2,2,3,3,1,2,1,1,1,3,4,3,4,3,4,2,4,4,3,4
R_3ERxU0lieRV1zEU,25,1,6,5,2,3,4,1,1,2,2,4,4,2,4,4,1,1,1,2,1,1,1,3,2,2,2,2,2,3,3,1,3,3,3
R_2ttGt1hx1IAa9zu,18,2,5,5,2,3,4,1,1,2,2,4,3,4,4,4,2,1,1,2,3,2,2,3,2,4,2,1,3,3,3,3,1,2,2
R_2veukWUSoS2xCy2,18,2,1,5,2,3,4,1,1,2,2,4,4,4,4,4,4,1,1,1,1,1,1,2,2,2,2,2,2,3,3,3,3,3,3
R_1PXIhhWR44NNkPd,20,2,6,5,3,3,4,0.75,1,2,2,4,4,4,4,4,4,4,3,4,3,3,3,2,2,2,3,2,2,3,3,4,3,3,3
R_2y2S3FmpkGmkz4T,20,1,5,5,2,3,4,1,1,2,2,4,4,4,4,4,4,1,3,1,1,1,2,1,3,2,3,3,1,3,2,1,2,2,3
R_3CUykbl0D6tNCis,20,2,7,5,2,3,4,1,1,2,2,4,4,4,4,4,1,3,1,3,2,3,1,2,2,4,2,2,2,3,2,3,3,3,3
R_1d6UN1xQ5T8Gnls,18,1,2,5,2,3,4,1,1,2,2,4,4,4,4,4,4,1,1,3,1,1,1,2,2,2,2,3,2,3,2,4,3,1,3
R_1OHwl0UwKERuxNm,18,1,7,5,2,3,4,1,1,2,2,4,4,1,4,4,4,1,1,1,3,1,1,3,3,2,3,3,1,2,3,2,2,1,2
R_WdPLnCucjKDvd2V,20,2,1,5,2,3,4,1,1,2,2,4,3,3,4,4,4,1,3,3,1,1,1,4,2,2,2,4,4,2,2,4,3,3,3
R_2YAovvihplfdO5l,18,2,2,5,2,3,4,1,1,2,2,4,4,4,4,4,4,3,3,3,3,3,3,2,2,2,2,2,2,1,1,1,1,1,1
R_2bNm8iJKZsJ6ay7,18,2,1,4,5,2,3,1,2,2,3,1,2,3,3,4,1,2,4,4,1,2,3,1,2,1,4,3,4,3,2,3,3,1,2
R_NXVJ6cmPgmq1lfj,18,2,5,4,5,2,3,1,2,2,3,2,3,1,3,4,3,4,4,4,4,4,3,3,2,1,4,2,1,3,1,2,3,2,3
R_UyXf0koqORo7VXb,19,2,4,4,5,2,3,1,2,2,3,2,2,2,2,2,2,4,2,3,4,4,4,2,3,3,3,3,3,1,1,1,1,1,1
R_1mXInkujOPzyM5K,19,2,5,4,5,2,3,1,2,2,3,2,2,3,3,2,3,2,4,2,1,4,4,1,2,1,1,1,1,2,2,2,2,2,2
R_3iViK5jupRz0MbC,18,1,2,4,5,2,3,1,2,2,3,2,2,3,2,2,3,4,4,4,3,3,2,4,2,1,3,4,1,3,3,2,3,3,3
R_3ki9iNyiYwXQDMB,18,2,5,4,2,2,3,0.75,2,2,3,3,2,3,3,3,3,1,1,1,1,1,1,4,3,4,4,4,4,2,2,2,2,1,2
R_3M9egG8DsyF4nip,21,1,6,4,5,2,3,1,2,2,3,3,3,3,3,3,3,1,1,1,1,1,1,4,4,4,4,4,4,2,2,2,2,2,2
R_1CjUN50PGw37Ud7,18,2,2,4,5,2,3,1,2,2,3,3,2,3,3,3,3,4,4,4,4,4,4,1,1,1,1,1,1,2,2,2,2,2,2
R_3jdmekQlkuiggEx,20,2,4,4,5,2,3,1,2,2,3,3,3,3,3,3,3,3,4,4,4,4,4,1,4,1,4,1,1,4,2,3,2,2,4
R_2U5bmTBl1pXQm1P,18,2,4,4,5,2,3,1,2,2,3,3,2,3,3,2,4,1,1,3,1,1,1,4,2,4,3,3,3,2,2,3,2,1,3
R_3fJpwNEGlWLDI0O,19,2,1,4,5,2,3,1,2,2,3,3,4,3,3,3,3,4,2,2,4,2,4,1,1,2,1,2,2,4,2,2,4,1,1
R_Ycy7HZNOs7CrONj,18,2,2,4,5,2,3,1,2,2,3,3,2,3,3,3,3,2,4,3,2,2,2,1,1,1,1,1,1,4,4,4,4,4,4
R_1fdd4vrTtQ4DR5e,18,1,1,4,5,2,3,1,2,2,3,3,3,4,3,3,3,4,4,4,4,4,4,1,1,1,1,1,1,2,2,2,2,2,2
R_270SvnPMoy2nnVD,18,2,5,4,5,2,3,1,2,2,3,3,3,3,3,3,2,4,4,2,4,4,4,1,3,1,3,1,1,2,4,2,2,2,2
R_24tLwkj7ileQMNP,19,2,5,4,5,2,3,1,2,2,3,3,3,4,3,3,3,2,3,4,4,3,4,1,4,1,4,3,1,3,2,3,2,2,2
R_33vii3oL14K8Q0A,18,2,1,4,5,2,3,1,2,2,3,3,3,3,3,3,4,4,4,1,4,4,4,1,1,1,1,1,1,2,2,2,2,2,2
R_24jcM0UMBVVyflY,19,2,7,4,5,2,3,1,2,2,3,3,3,2,3,3,4,4,4,2,4,4,4,4,3,1,2,1,1,3,2,2,2,2,2
R_6tbukABWQhQ67hT,18,2,4,4,5,2,3,1,2,2,3,3,3,3,3,3,3,4,4,4,4,4,4,1,1,1,1,1,1,2,2,2,2,2,2
R_5pzS19sCFtE9KMN,19,2,2,4,5,2,3,1,2,2,3,3,3,3,3,3,3,4,4,4,4,4,4,1,1,1,1,4,1,2,2,2,2,2,2
R_3GiB3uNwbtKbq3P,18,1,1,4,5,2,3,1,2,2,3,3,2,2,3,3,4,2,4,2,4,4,4,1,1,1,1,1,1,4,2,2,2,2,2
R_24Aahf2vCPDS7hF,18,2,2,4,5,2,3,1,2,2,3,3,3,3,3,2,3,4,4,4,4,4,4,1,1,1,1,1,1,2,2,2,2,2,2
R_3dE0WTHBrdkBcQy,19,1,6,4,5,2,3,1,2,2,3,3,4,3,3,3,3,2,2,2,2,2,3,1,3,1,1,1,1,4,4,2,4,3,2
R_25F2gM982r44Xyx,19,2,4,4,5,2,3,1,2,2,3,4,4,4,4,3,4,4,3,3,4,2,4,3,3,3,2,3,3,1,1,4,1,1,2
R_3kcfeRKxNH0XHjT,19,2,7,3,4,5,2,1,2,2,4,1,3,2,2,2,4,2,2,4,3,3,3,1,3,4,4,4,4,1,3,1,1,3,2
R_11ZMJIt186E545H,19,2,1,4,4,5,2,0.75,2,2,4,1,2,2,3,3,2,3,1,4,3,1,4,2,4,4,2,4,2,4,1,3,4,4,1
R_2cpYvcbzvz0G132,18,1,1,3,4,5,2,1,2,2,4,2,2,3,2,2,2,1,3,1,3,2,2,3,4,3,3,1,4,3,3,3,4,3,3
R_3fT20n75mv8oDyZ,18,2,4,3,4,5,2,1,2,2,4,2,4,2,2,2,2,3,3,2,3,3,3,4,4,4,4,4,4,1,1,1,1,3,1
R_eQZRf37Iy1knzc5,19,2,1,3,4,5,2,1,2,2,4,2,1,4,2,2,2,1,2,2,3,3,3,1,2,4,3,1,4,2,1,2,1,1,1
R_3wwJdJHyq5APv1v,18,2,5,3,4,5,2,1,2,2,4,2,1,1,2,2,2,3,2,1,3,3,3,4,3,2,4,4,4,2,1,1,1,1,1
R_2D2cL4kPYyQExs6,18,2,2,3,4,5,2,1,2,2,4,2,1,4,4,3,3,3,3,3,2,3,2,1,4,2,3,4,2,1,1,2,1,1,1
R_0pT6GGBh9O4ZKjT,20,2,1,3,4,5,2,1,2,2,4,2,2,2,2,2,2,3,2,4,3,3,3,3,4,4,4,4,4,1,3,3,1,1,1
R_2YhcQYLh9RvLG8U,18,2,6,3,4,5,2,1,2,2,4,2,1,1,3,3,3,4,3,3,2,4,3,1,4,4,2,3,3,1,1,3,1,3,2
R_1GIGDgolTrW0mb7,19,2,2,3,4,5,2,1,2,2,4,2,2,2,2,2,4,1,4,2,4,3,3,4,4,4,1,4,4,1,1,1,1,4,4
R_2SxbHD09ZfpvZsI,19,2,1,3,4,5,2,1,2,2,4,2,2,2,2,2,2,3,3,3,3,3,3,4,4,4,4,4,4,1,1,1,1,1,1
R_3JEmhBdQHaXISjC,18,2,2,3,4,5,2,1,2,2,4,2,2,2,2,2,2,1,1,4,3,2,1,3,2,4,3,4,3,2,1,2,1,1,1
R_pQ1KJUoIKyPdxIJ,19,2,4,3,4,5,2,1,2,2,4,2,2,2,2,2,2,3,3,3,4,3,3,3,4,3,1,4,4,1,1,1,1,1,3
R_217yNijypCQbKz0,20,2,3,3,4,5,2,1,2,2,4,2,2,1,2,2,2,3,3,2,3,3,3,1,4,4,3,4,2,1,1,1,1,1,1
R_3gZNxe4m6y3iSM0,18,1,1,3,4,5,2,1,2,2,4,2,3,1,2,2,2,3,3,3,3,3,3,4,4,4,4,4,4,4,1,1,1,1,1
R_ZEqHZk7oknqEdzP,21,2,6,3,4,5,2,1,2,2,4,2,2,2,2,2,2,3,3,3,3,3,3,4,4,4,4,4,4,1,1,1,1,1,1
R_2PdpuY9BwiKARH9,19,2,1,3,4,5,2,1,2,2,4,2,2,2,2,2,2,3,3,2,4,3,3,1,1,4,3,3,4,2,3,2,2,1,1
R_3wytguwXCWzQinT,20,1,1,3,4,5,2,1,2,2,4,2,2,2,2,2,3,1,1,3,1,3,3,4,3,3,4,4,4,1,1,4,1,1,1
R_3nGB07vLe8fIwFo,18,2,2,3,4,5,2,1,2,2,4,2,2,4,2,2,2,3,1,2,3,3,3,1,4,3,1,4,4,1,1,4,3,1,1
R_qCoHiKq5ySge4mJ,19,2,6,3,4,5,2,1,2,2,4,3,2,2,2,3,2,3,3,2,3,3,3,4,4,4,4,3,4,1,1,2,1,1,1
R_1n6JpHbdMNWer6p,21,2,2,3,4,5,2,1,2,2,4,3,2,1,2,3,2,1,2,3,3,3,4,3,4,4,4,4,4,2,1,1,1,1,1
R_sRIVa1bJN2L9OqB,21,2,2,3,4,5,2,1,2,2,4,4,3,4,1,2,2,3,3,3,1,2,1,4,1,4,1,4,1,4,2,2,4,4,2
R_3LhwixYWfPNyizc,20,2,1,3,4,5,2,1,2,2,4,4,4,1,4,4,1,3,3,3,3,3,3,2,2,2,2,2,2,4,1,3,1,2,1
R_2q7TAvVnjEMSMVO,21,2,6,3,4,5,2,1,2,2,4,4,4,4,4,4,4,1,1,1,1,1,1,2,2,2,2,3,1,3,1,4,3,3,2